moves,comment
e4 e5 d3 d6 Be3 c6 Be2 b5 Nd2 a5 a4 c5 axb5 Nc6 bxc6 Ra6 Nc4 a4 c3 a3 Nxa3 Rxa3 Rxa3 c4 dxc4 d5 cxd5 Qxd5 exd5 Be6 Ra8+ Ke7 Bc5+ Kf6 Bxf8 Kg6 Bxg7 Kxg7 dxe6 Kh6 exf7 Nf6 Rxh8 Nh5 Bxh5 Kg5 Rxh7 Kf5 Qf3+ Ke6 Bg4+ Kd6 Rh6+ Kc5 Qe3+ Kb5 c4+ Kb4 Qc3+ Ka4 Bd1#,
d4 d5 Nf3 Bf5 Nc3 Nf6 Bf4 Ng4 e3 Nc6 Be2 Qd7 O-O O-O-O Nb5 Nb4 Rc1 Nxa2 Ra1 Nb4 Nxa7+ Kb8 Nb5 Bxc2 Bxc7+ Kc8 Qd2 Qc6 Na7+ Kd7 Nxc6 bxc6 Bxd8 Kxd8 Qxb4 e5 Qb8+ Ke7 dxe5 Be4 Ra7+ Ke6 Qe8+ Kf5 Qxf7+ Nf6 Nh4+ Kg5 g3 Ng4 Qf4+ Kh5 Qxg4+ Kh6 Qf4+ g5 Qf6+ Bg6 Nxg6 Bg7 Qxg7#,
e4 e5 Nf3 d6 d4 Nc6 d5 Nb4 a3 Na6 Nc3 Be7 b4 Nf6 Bg5 O-O b5 Nc5 Bxf6 Bxf6 Bd3 Qd7 O-O Nxd3 Qxd3 c6 a4 cxd5 Nxd5 Qe6 Nc7 Qg4 Nxa8 Bd7 Nc7 Rc8 Nd5 Qg6 Nxf6+ Qxf6 Rfd1 Re8 Qxd6 Bg4 Qxf6 gxf6 Rd3 Bxf3 Rxf3 Rd8 Rxf6 Kg7 Rf3 Rd2 Rg3+ Kf8 c3 Re2 f3 Rc2 Rg5 f6 Rh5 Kg7 Rd1 Kg6 Rh3 Rxc3 Rd7 Rc1+ Kf2 Rc2+ Kg3 h5 Rxb7 Kg5 Rxa7 h4+ Rxh4 Rxg2+ Kxg2 Kxh4 b6 Kg5 b7 f5 exf5 Kxf5 b8=Q e4 Rf7+ Kg5 Qg8+ Kh6 Rh7#,
e4 d5 exd5 Qxd5 Nc3 Qe5+ Be2 Na6 d4 Qf5 Bxa6 bxa6 Nf3 Qe6+ Be3 Bb7 Ng5 Qc4 Qh5 Bxg2 Qxf7+ Qxf7 Nxf7 Kxf7 Rg1 Bf3 Rg3 Bh5 Rh3 g6 Ne4 Nf6 Nc5 e6 Nxa6 Rc8 Bf4 Bg4 Rg3 c6 Nb4 Bxb4+ c3 Ba5 b4 Bc7 Bxc7 Rxc7 Rb1 e5 dxe5 Re8 f4 Rd7 Kf2 Rd2+ Kg1 Rxa2 exf6 Kxf6 Rxg4 Kf5 Rg2 Rxg2+ Kxg2 Re2+ Kf3 Re4 Ra1 Rxf4+ Kg3 Rg4+ Kh3 h5 Rxa7 g5 Rf7+ Kg6 Rf3 Rf4 Rxf4 gxf4 Kg2 Kg5 c4 h4 b5 cxb5 cxb5 Kg4 b6 f3+ Kf2 Kf4 b7 h3 b8=Q+ Ke4 Qb4+ Kd5 Kxf3 Ke5 Kg3 Kf6 Qe4 Kg5 Qf3 Kh6 Qg4 Kh7 Qg5 Kh8 Kf4 Kh7 Kf5 Kh8 Kf6 Kh7 Qg7#,
e3 e6 d4 d6 Bd3 c6 Nf3 Be7 Nc3 Nf6 Bd2 Bd7 Qe2 c5 dxc5 dxc5 O-O b6 Rfe1 Bc6 e4 O-O e5 Nd5 Nxd5 Qxd5 Bc4 Qd7 Rad1 Qb7 Bg5 Re8 Bxe7 Rxe7 Rd8+ Re8 Red1 Bd5 Rxe8#,
e4 e5 Nf3 Nc6 Bc4 Nf6 Nc3 Bc5 O-O O-O d3 Ne8 Bg5 Nf6 Nd5 h6 Nxf6+ gxf6 Bxh6 Re8 Ne1 d6 Qh5 Re7 Nf3 Be6 Bxe6 Rxe6 Qg4+ Kh8 Qg7#,
e4 e5 Nf3 Nc6 Bc4 Nf6 Nc3 Bc5 O-O O-O Ne1 Ne8 Qf3 Qg5 d4 Qg6 dxc5 Nd4 Qd1 d6 g3 Bh3 Nf3 Bxf1 Qxf1 Nxf3+ Kg2 Nh4+ Kh1 Nf3 Nd5 Qe6 Nxc7 Qc8 Nxa8 Qxa8 cxd6 Nxd6 Be2 Nd4 Bd3 Qc8 c3 Ne6 Qe1 Nc4 Bxc4 Qxc4 b3 Qc6 Ba3 Rd8 Be7 Rd7 Ba3 Ng5 Qd2 Rxd2 Kg2 Qxe4+ Kf1 Qe2+ Kg2 Qxf2+ Kh1 Qxh2#,
d4 d5 Nc3 Nf6 Bf4 Bf5 Nf3 e6 e3 Be7 Bb5+ c6 Bd3 Bxd3 Qxd3 O-O Bg5 Ng4 Bxe7 Qxe7 O-O Qg5 h3 Qf6 hxg4 Qh6 Na4 b5 Nc5 Kh8 Nb7 g6 Nd6 Na6 Ne5 Kg8 Ndxf7 Rxf7 Nxf7 Kxf7 f4 g5 fxg5+ Kg7 gxh6+ Kxh6 Rf6+ Kg7 g5 h6 Qg6+ Kh8 Qxh6+ Kg8 Rxe6 Kf7 Qf6+ Kg8 Re8+ Rxe8 Qg6+ Kf8 Qh6+ Kg8 g6 Nb4 Rf1 Nxc2 Qh7#,
d4 d5 Nc3 Nf6 Nf3 Nc6 e3 Bf5 h4 e6 g3 Bb4 a3 Bxc3+ bxc3 Ne4 Rh2 Nxc3 Qd2 Ne4 Qe2 Nc3 Qd2 Ne4 Qd3 Ng5 Qb5 Nxf3+ Kd1 Nxh2 Bd3 Bg4+ Kd2 Nf3+ Kc3 a6 Qxb7 Qb8 Qxc6+ Kd8 Bxa6 e5 Bb5 exd4+ Kb3 dxe3 Qd7+ Bxd7 Kb4 Qxb5+ Kc3 Qc4+ Kb2 Rb8#,
d4 d5 c4 Nf6 Nc3 Nc6 Nf3 e6 e3 Bd6 Bd3 Ne4 Bxe4 dxe4 Ne5 f5 Nxc6 bxc6 Qh5+ g6 Qd1 O-O O-O Bb4 a3 Bxc3 bxc3 Qe7 h3 c5 d5 exd5 cxd5 Ba6 a4 Bxf1 Qxf1 a5 Ba3 Qe5 Qd1 f4 exf4 Qxf4 Bxc5 Rf7 d6 cxd6 Bb6 Rb8 Ba7 Rxa7 Qd5+ Kg7 Qd4+ Kf8 Qxa7 Re8 Qxa5 e3 Rf1 exf2+ Rxf2 Re1+ Rf1 Rxf1#,
e4 c5 Nf3 d6 Bb5+ Bd7 Bxd7+ Nxd7 O-O Ngf6 Nc3 g6 d3 Bg7 Bg5 O-O Nd5 Nxd5 exd5 Bxb2 Bh6 Bg7 Bxg7 Kxg7 Ng5 Kg8 d4 c4 c3 e5 Re1 Qxg5 Qa4 Rfd8 Qa3 exd4 cxd4 Qxd5 Rad1 Re8 Re3 Rxe3 fxe3 b6 Re1 Nf6 Qc3 Ne4 Qb4 c3 Rc1 Rc8 Qa4 a5 Qd7 Rf8 Qa7 Qxa2 Qxb6 Qf2+ Kh1 Qd2 Rg1 Nf2#,
e4 c5 Nf3 d6 d4 cxd4 Nxd4 Nf6 Nc3 g6 Be3 Bg7 f3 O-O Qd2 Nc6 Bc4 Be6 Bxe6 Nxd4 Bxf7+ Rxf7 Bxd4 d5 e5 Ne8 e6 Rf8 O-O-O Bxd4 Qxd4 Qa5 Nxd5 Rc8 Nxe7#,
e4 d5 exd5 Qxd5 Qf3 Qe5+ Ne2 Nf6 d4 Qd5 Qxd5 Nxd5 a3 Nb6 Ng3 Nc6 Be3 e5 dxe5 Nxe5 Nd2 Be6 O-O-O Nbc4 Nxc4 Nxc4 Bxc4 Bxc4 Rhe1 Be7 Nf5 Be6 Nxg7+ Kf8 Bh6 Bg4 f3 Be6 Nxe6+ Ke8 Nxc7#,
d4 f5 e3 Nf6 Nc3 d5 Bb5+ c6 Bd3 b5 Qf3 Qa5 Bxf5 Nbd7 Bxd7+ Bxd7 a3 Bg4 Qf4 h5 b4 Qb6 h3 Be6 Nf3 c5 bxc5 Qa5 Bb2 Rb8 Qxb8+ Kd7 Qb7+ Kd8 Qa8+ Bc8 c6 Qc7 Nxb5 Qxc6 Qxc6 Ne4 Qc7+ Ke8 Qxc8+ Kf7 Ne5+ Kf6 Nc7 e6 Qxe6+ Kg5 h4#,
e4 e6 Bc4 d5 exd5 exd5 Bb3 Qe7+ Ne2 Nf6 d4 Nc6 O-O Bf5 Bg5 h6 Bxf6 Qxf6 Bxd5 Nb4 Bb3 O-O-O a3 Nc6 c3 Bd6 Ng3 g6 Nd2 h5 Nge4 Bxe4 Nxe4 Bxh2+ Kh1 Qh4 f3 Bg3+ Kg1 Qh2#,
d4 d6 Bf4 e6 Nf3 Nc6 e3 Nf6 Nbd2 d5 Bb5 Bd7 a3 a6 Bxc6 Bxc6 Ne5 Bd7 O-O g6 c4 Bg7 cxd5 exd5 Qb3 Ne4 Nxf7 Kxf7 Qxd5+ Be6 Qxe4 Re8 Qxb7 Bd5 Qxc7+ Kg8 Qxd8 Rexd8 Rac1 h6 f3 g5 Be5 Bf8 e4 Bf7 d5 Rd7 Nc4 Rb7 b4 Be8 Bd6 Bb5 Bxf8 Kxf8 Rf2 Rc8 Nd6 Rxc1+ Rf1 Rxf1#,
d4 Nf6 e3 g6 f4 Bg7 Nf3 d5 c4 O-O Nc3 c6 Bd3 e6 Qc2 Na6 a3 c5 cxd5 exd5 O-O c4 Be2 Bf5 Qd1 Nc7 Ne5 Ne4 Nxe4 Bxe4 Bf3 Bxf3 Rxf3 f6 Ng4 h5 Nf2 f5 Rg3 Kh7 Nh3 h4 Ng5+ Kh6 Rh3 Bf6 Rxh4+ Kg7 Rh7+ Kg8 Rh6 Bxg5 Rxg6+ Kf7 Rxg5 Ke6 Qh5 Rf6 Bd2 Qh8 Rf1 Qxh5 Rxh5 Rg8 Rf3 Rfg6 g3 Ne8 Rh7 Nd6 Bb4 Ne4 Rxb7 c3 Bxc3 Nxc3 bxc3 Ra8 Rf1 Rgg8 Rfb1 Rgd8 Rh7 Rdc8 Rbb7 Rxc3 Rh6#,
e4 e6 d4 d5 e5 c5 dxc5 Bxc5 Nf3 Nc6 c3 Qc7 b4 Bb6 Na3 a6 Qa4 Bd7 b5 Nxe5 Bf4 Nd3+ Bxd3 Qxc3+ Ke2 Qb2+ Bc2 Ne7 Rhb1 Qf6 Be5 Qh6 Qg4 Ng6 Bd4 e5 Qg5 exd4 Qxd5 Nf4+ Kf1 Nxd5 Re1+ Kd8 Ne5 Qf4 g3 Qf6 Nxd7 Kxd7 Red1 d3 Rxd3 Qxf2#,
e4 e6 f4 d5 e5 c5 Nf3 Nc6 c3 Nh6 d4 cxd4 cxd4 Qa5+ Bd2 Bb4 Nc3 Nf5 Bb5 Bxc3 Bxc6+ bxc6 Bxc3 Qb6 O-O Ne3 Qe2 Nxf1 Rxf1 Ba6 Qf2 Bxf1 Qxf1 c5 dxc5 Qxc5+ Bd4 Qa5 a3 Rc8 h3 O-O Qd3 Rc1+ Kh2 Rfc8 Ng5 g6 Qg3 Qe1 Qxe1 Rxe1 Bxa7 Rc2 b4 Ree2 b5 Rxg2+ Kh1 Ra2 b6 Rgb2 a4 Ra1#,
d4 Nf6 Bf4 d5 Nf3 Nc6 e3 Bg4 h3 Bh5 c4 e6 Qa4 Ne4 c5 Be7 Ne5 O-O g4 Bg6 h4 Nxe5 dxe5 Nxc5 Qd4 Be4 Rh2 c6 Nd2 h6 b4 Na4 a3 Bxh4 Bd3 Qb6 Qxb6 axb6 Bxe4 dxe4 Rxh4 Nc3 g5 c5 gxh6 gxh6 Bxh6 Rfc8 Nc4 Ra6 Nd6 Rc7 Ne8 Rc8 Nf6+ Kh8 Bf8#,
a4 e5 h4 d5 b3 Nc6 e3 Bf5 Bb5 Ne7 g4 Bd7 Bxc6 Bxc6 d4 e4 b4 a6 c3 g6 Ra2 Bg7 Nd2 O-O f3 Qd7 Nh3 b5 a5 f5 Ng5 Bh6 fxe4 fxe4 Nf1 Bxg5 hxg5 Rf7 Rah2 Raf8 Ng3 Bb7 Rh4 Nc8 Qe2 Nd6 R1h3 Nc4 Qh2 Qe7 Rh6 Rg7 Ke2 Rff7 Bd2 Qxg5 Be1 Qxg4#,
e4 e6 Nf3 d5 exd5 exd5 d4 Bg4 Be2 Qe7 O-O Nc6 Re1 O-O-O Bb5 Qf6 Re3 Bxf3 Rxf3 Qxd4 Rd3 Qc5 Nc3 Nf6 Be3 Qd6 a4 h5 Qe2 Ng4 Bg5 Qxh2+ Kf1 Qh1#,
d4 Nf6 Nf3 b6 c3 Bb7 Qb3 e6 Ne5 Nc6 Bg5 Be7 Bxf6 Nxe5 f4 Bd5 c4 Bxc4 Bxe7 Qxe7 Qg3 Qb4+ Nc3 Ng6 f5 exf5 O-O-O O-O d5 f4 a3 Qc5 Qg5 f6 b4 Qe7 Qg4 Qe3+ Kb2 Ne5 Rd3 Nxg4 Rxe3 Nxe3 g3 Nxf1 Rxf1 fxg3 hxg3 Rae8 Rf4 Bxe2 Nb5 Bxb5 Rd4 Re2+ Kc3 Rfe8 d6 R8e3+ Rd3 Rxd3#,
d4 e6 Bf4 d5 Nf3 Qe7 e3 c5 c3 cxd4 Bb5+ Bd7 Bxd7+ Nxd7 exd4 g6 Qa4 a6 Ne5 b5 Qd1 Bg7 Qe2 Ngf6 Nc6 Qf8 Nd2 Nh5 Be5 Bxe5 Nxe5 Qe7 Ndf3 O-O Nxd7 Qxd7 Ne5 Qe7 g4 Nf4 Qf3 Qg5 h4 Qh6 g5 Qg7 Qxf4 f6 Ng4 fxg5 Qxg5 Rf5 Qe3 Kh8 Qxe6 h5 Ne3 Rf4 Nxd5 Rf5 Ne7 Re8 Nxg6+ Qxg6 Qxe8+ Qxe8+ Kf1 Qe3 Rh2 Qd3+ Kg1 Qc2 f3 Qxb2 Rxb2 Rxf3 Rf1 Rxc3 Re2 Rc4 Rf7 Kg8 Ra7 Rxd4 Re8#,
e4 e6 d4 d5 e5 c5 c3 Qb6 Nf3 Nc6 a3 Bd7 Be2 Be7 O-O Nh6 dxc5 Bxc5 b4 Be7 Be3 Qc7 c4 dxc4 Bxc4 Nf5 Bf4 O-O Nbd2 Rad8 Qe2 Ncd4 Nxd4 Nxd4 Qg4 Nf5 Rac1 Qb6 Nf3 Bb5 Bg5 Bxc4 Rxc4 Bxg5 Nxg5 Rd4 Rxd4 Qxd4 Qxd4 Nxd4 Rd1 Nc2 Rd7 h6 Ne4 Rb8 Nd6 Nxa3 Rxf7 Nc4 Nxc4 Rc8 Rf4 b5 Ne3 Rc1+ Nf1 Rb1 g3 a5 bxa5 b4 a6 b3 a7 Ra1 Rb4 Rxa7 Rxb3 Kf7 Ne3 Kg6 f4 Rd7 Kf2 h5 h4 Kf7 Rb6 Rc7 Ke2 Rd7 Nc4 Ke7 Nd6 Rc7 Rb7 Rd7 Rxd7+ Kxd7 Kd3 Ke7 Kc4 Kd7 Kc5 Ke7 Kc6 Kd8 Nf7+ Ke7 Ng5 Kd8 Nxe6+ Ke7 Nxg7 Kf7 Nxh5 Ke6 g4 Kf7 f5 Kg8 e6 Kf8 Kd7 Kg8 f6 Kh8 g5 Kg8 g6 Kh8 e7 Kg8 e8=R#,
e4 e6 Nf3 d5 exd5 exd5 d4 Nf6 c4 c6 Nc3 Be6 Bg5 Be7 Qc2 h6 Bf4 O-O O-O-O dxc4 h4 Nd5 Nxd5 cxd5 Ne5 Bd6 g4 Nd7 g5 h5 g6 f6 Nf7 Bxf4+ Kb1 Bxf7 gxf7+ Rxf7 Qf5 Qc7 Qxd5 Rc8 Bh3 Kf8 Be6 Re7 Rh3 Nb6 Qe4 Rce8 d5 Nxd5 Rxd5 Rxe6 Qh7 Re1+ Kc2 R8e2+ Kc3 Be5+ Kb4 Rxb2+ Ka3 b5 Qh8+ Kf7 Qxh5+ Ke7 Qg6 Qa5#,
d4 d5 c4 e6 Nc3 Bb4 Qc2 c5 Nf3 cxd4 Nxd4 Nc6 e3 Nf6 h3 O-O Nxc6 bxc6 Bd3 Qa5 Bd2 Ba6 O-O dxc4 Be2 Rfd8 Rfd1 Nd5 Nxd5 c5 a3 Bxd2 Rxd2 Rxd5 Rxd5 exd5 e4 dxe4 Qxe4 Rd8 Bxc4 Qd2 Bxa6 Qxb2 Re1 Rf8 Bd3 g6 a4 Qb4 Qxb4 cxb4 Rb1 Rb8 Bb5 a5 Kf1 Kf8 Ke2 Ke7 Kd3 Kd6 Kd4 f5 f4 h5 g3 Re8 Bxe8 Ke7 Bxg6 Kf6 Bxh5 Ke6 Re1+ Kd6 Rd1 Kc6 Ke5 Kc5 Rd5+ Kc4 Rxa5 b3 Bg6 b2 Bxf5 Kc3 Rc5+ Kd2 a5 Kd1 a6 Kd2 a7 Kd1 a8=Q Kd2 Qd5+ Ke1 Qe4+ Kd2 Qd3+ Ke1 Qb1+ Kf2 Rc2+ Kxg3 Qg1+ Kf3 Qf2#,
e4 e5 Nf3 Nc6 Bb5 Bc5 Bxc6 dxc6 h3 Nf6 Nc3 Qe7 O-O O-O d4 exd4 Nxd4 Nxe4 Nxe4 Qxe4 Nb3 Bd6 Re1 Qg6 Qf3 Qxc2 Nd4 Qc5 Be3 Qe5 b3 Qh2+ Kf1 Bd7 Nf5 Bxf5 Qxf5 Rae8 g3 Rxe3 fxe3 Bxg3 Red1 Qh1+ Ke2 Qg2+ Kd3 Rd8+ Kc3 Be1+ Kc4 Qe2+ Kc5 Qb5#,
e4 e5 Bc4 Nf6 d4 exd4 Qxd4 Nc6 Qe3 Bb4+ Bd2 O-O a3 Bxd2+ Nxd2 d5 exd5 Re8 dxc6 Rxe3+ fxe3 b5 Bb3 Ng4 Nh3 Nxe3 Ke2 Nxg2 Nf2 Bf5 Rad1 Qe8+ Kf3 Nh4+ Kg3 Qe5+ Kxh4 Qf4+ Kh5 g6#,
d4 d5 Nf3 Nf6 Bf4 Nc6 e3 Bf5 Bb5 e6 Ne5 Bb4+ c3 Ba5 Nxc6 Qc8 Nxa7+ Qd7 Bxd7+ Nxd7 Nb5 O-O Nxc7 Ra6 Nxa6 Nf6 Nc5 Ng4 h3 Nxf2 Kxf2 Bxc3 bxc3 e5 Bxe5 b6 Na4 Bxb1 Rxb1 b5 Rxb5 Rd8 Rb8 Rf8 Rxf8+ Kxf8 Qb3 Ke7 Qb7+ Ke6 Qc6+ Kf5 g4+ Ke4 c4 Kd3 Rd1+ Ke4 Qxd5#,
e4 e5 Nf3 Nc6 Bc4 Bb4 c3 Bc5 b4 Bb6 d3 Nf6 Ng5 O-O Bxf7+ Kh8 Bd5 Nxd5 exd5 Ne7 Qh5 Nxd5 Qxh7#,
e4 Nf6 e5 Nd5 d4 e6 c3 Be7 Nf3 d6 Bb5+ c6 Ba4 b6 c4 Nb4 a3 N4a6 d5 exd5 Qxd5 b5 Qd1 bxa4 Qxa4 Nc5 Qd1 dxe5 Nxe5 Qxd1+ Kxd1 Bf6 Re1 O-O g4 Bxe5 Rxe5 Nd3 Re7 Nxf2+ Ke2 Nxg4 Re4 Nxh2 Bf4 Bg4+ Kf2 f5 Re7 Nf3 Nc3 c5 Rd1 Nc6 Rdd7 Nxe7 Bd6 Rad8 Bxe7 Rxd7 Bxf8 Kxf8 b4 cxb4 axb4 Rd2+ Ne2 Nd4 Ke3 Bxe2 c5 g5 b5 Rd3+ Kf2 Rf3+ Ke1 Nc2+ Kxe2 Re3+ Kd2 Re8 Kxc2 f4 c6 f3 Kd2 f2 c7 f1=Q Kc3 Qe1+ Kc4 Rc8 b6 axb6 Kb5 Qe5+ Kxb6 Qxc7+ Ka6 Ra8+ Kb5 Qb7+ Kc5 Rc8+ Kd4 Qd7+ Ke4 Re8+ Kf3 Qd4 Kg3 Re3+ Kh2 Qd2+ Kg1 Re1#,
e4 c5 Nf3 Nf6 d4 Nxe4 dxc5 Nxc5 Qd5 e6 Qh5 Ne4 Ne5 g6 Qf3 Qe7 Qxe4 d5 Qa4+ Bd7 Nxd7 Nxd7 Bb5 Bg7 Bxd7+ Qxd7 Qxd7+ Kxd7 Nc3 Rhe8 Bd2 Rac8 O-O d4 Ne4 Rxc2 Rac1 Rxb2 Nc5+ Ke7 Bg5+ Kf8 Nd7+ Kg8 Nf6+ Bxf6 Bxf6 e5 Rc7 Rb6 Rfc1 Rxf6 Rc8 Kf8 Rxe8+ Kxe8 Rc8+ Ke7 Rc7+ Kf8 Rc8+ Kg7 Rc7 Rb6 Re7 Rb1#,
e4 e5 Nf3 Nc6 Bc4 Nf6 Ng5 d5 exd5 Nxd5 Nxf7 Kxf7 Qf3+ Ke8 Bxd5 Qe7 d3 Nd4 Qd1 c6 Bc4 b5 Bb3 Bf5 c3 Nxb3 axb3 Rd8 d4 exd4+ Kf1 dxc3 Qe1 Bd3+ Kg1 Qxe1#,
e4 e5 Nf3 Nc6 Bc4 h6 O-O d6 d3 a6 a4 Bg4 Be3 Qf6 h3 Bxf3 gxf3 Be7 f4 exf4 Bd2 f3 Bc3 Qg6+ Kh2 Qg2#,
e4 c5 Nf3 d6 d4 cxd4 Nxd4 Nf6 Qe2 Nbd7 f3 e6 f4 Qa5+ Bd2 Qh5 Qxh5 Nxh5 Be2 Nxf4 Bxf4 e5 Ne6 exf4 Nc7+ Kd8 Nxa8 Nf6 O-O Bd7 Rxf4 Kc8 e5 dxe5 Rc4+ Bc6 Bf3 e4 Be2 Kb8 Nc3 Kxa8 h3 e3 Bf3 Bxf3 Rc8#,
c4 e5 g3 d5 cxd5 Qxd5 Nf3 g5 Nc3 Qc6 Bg2 g4 Nh4 Qe6 O-O Be7 Bd5 Qa6 Nf5 Bxf5 e4 Be6 Qb3 c6 Bxe6 fxe6 Qxe6 c5 Qxe5 Qf6 Qh5+ Qg6 Qe5 Qf6 Qh5+ Kf8 Nd5 Qd6 Qf5+ Nf6 Qc8+ Qd8 Qxb7 Nbd7 Nc7 Rb8 Ne6+ Ke8 Nxd8 Rxb7 Nxb7 Nxe4 d3 Ng5 Bxg5 Bxg5 Nd6+ Ke7 Ne4 Nf6 Rfe1 Nxe4 Rxe4+ Kf6 Rxg4 h6 Rc1 Bxc1 Rc4 Bxb2 Rxc5 Rd8 Rc6+ Kg5 h4+ Kf5 Rxh6 Rxd3 Rh5+ Kg4 Rb5 Rd1+ Kg2 Bc3 f3#,
e4 h5 d4 d5 exd5 Qxd5 g4 Bxg4 f3 Bxf3 Nxf3 Qe4+ Be2 f6 Nc3 Qe6 d5 Qb6 Na4 Qa5+ Nc3 e5 dxe6 g5 Bd2 Qb6 Bc4 Qxb2 Nd5 c6 Nc7+ Ke7 O-O b5 Bb3 h4 Bb4+ c5 Bxc5#,
d4 Nf6 c4 e6 Nc3 Bb4 Bd2 O-O e3 d5 cxd5 exd5 Qb3 Bxc3 Bxc3 Nfd7 Qxd5 Nb6 Qxd8 Rxd8 Nf3 Bf5 Be2 Nc6 O-O Na4 a3 Nxc3 bxc3 b5 Rab1 a6 Bxb5 axb5 Rxb5 Bd3 Rc5 Bxf1 Rxc6 Bb5 Rxc7 Rxa3 Ne5 Ba6 g3 Rc8 Ra7 Rcxc3 Rxf7 Rab3 Rd7 Rc8 Ra7 Bb7 h4 Rc1+ Kh2 Rh1#,
e4 e5 Nf3 Nc6 Bc4 Nf6 Ng5 d5 exd5 Nxd5 Nxf7 Kxf7 Qf3+ Qf6 Bxd5+ Ke7 Qxf6+ gxf6 O-O Nd4 Nc3 Nxc2 Rb1 Kd6 Be4 Nd4 d3 f5 Bd5 f4 g3 f3 Be4 Ne2+ Nxe2 fxe2 Re1 Bg4 f3 Bxf3 Bxf3 Ke6 Rxe2 Rd8 Bf4 Rxd3 Rxe5+ Kf7 Bxb7 h5 Ba6 h4 Bxd3 Bd6 Rf5+ Ke7 Bg5+ Ke6 Bxh4 c5 Re1+ Kd7 Bb5+ Kc7 Rf7+ Kb6 Re6 Kxb5 Rxd6 a5 Rb7+ Kc4 b3+ Kc3 Bf6+ Kc2 Bxh8 Kb1 h4 Kxa2 g4 a4 bxa4 c4 g5 c3 Bxc3 Ka3 Bb4+ Kxa4 g6 Kb3 g7 Kc4 g8=Q#,
d4 d5 c4 Nf6 c5 Bf5 Nf3 Bxb1 Rxb1 Nc6 g3 Nb4 Bg2 Nxa2 Bf4 b6 c6 e6 Qb3 Nb4 O-O Nxc6 Ne5 Nxd4 Qa4+ b5 Qxd4 Bd6 Nc6 Qd7 Bxd6 cxd6 Nb4 e5 Qd2 a5 Ra1 O-O Nxd5 Nxd5 Qxd5 Qe6 Qxe6 fxe6 Bxa8 Rxa8 e4 d5 exd5 exd5 b4 e4 bxa5 d4 Rfe1 Re8 a6 b4 a7 Ra8 Rxe4 d3 Rxb4 d2 Rba4 d1=Q+ Rxd1 Kf7 Rb1 Kg6 Rb8 Rxa7 Rxa7 Kf5 Rb5+ Ke4 Ra4+ Kd3 Rb3+ Kc2 Rab4 Kc1 Ra3 g6 Rc4+ Kb1 Rb3+ Ka2 Rcb4 h5 h4 g5 hxg5 h4 gxh4 Ka1 Ra4#,
d4 Nf6 c4 e6 Nf3 Bb4+ Bd2 Bxd2+ Nbxd2 O-O e4 d5 e5 Ne4 Bd3 Ng5 O-O Nxf3+ Nxf3 dxc4 Bxc4 Nc6 Rc1 Rb8 a3 b5 Bd3 Nxd4 Ne1 Bb7 Qh5 g6 Qh6 Qd5 Qg5 f5 Qf4 Nb3 Rxc7 Nc5 Qh6 Nxd3 Qxh7#,
e4 Nf6 e5 Nd5 Nc3 Nxc3 bxc3 d6 f4 dxe5 fxe5 Qd5 Nf3 Qe4+ Be2 f5 d4 Nc6 O-O e6 a4 Be7 Ba3 Qe3+ Kh1 Qxc3 Bxe7 Nxe7 Qd3 Qxd3 Bxd3 O-O c3 Ng6 Bc4 Bd7 Rab1 Bc6 Bxe6+ Kh8 Bxf5 Rxf5 c4 Bxa4 Rxb7 Bc6 Rxc7 Bxf3 gxf3 Nf4 Rb1 Ne6 Re7 Nxd4 Rbb7 h5 e6 Raf8 Rxg7 Nxe6 Rh7+ Kg8 c5 Rxf3 c6 Rf1+ Kg2 R8f2+ Kg3 Rf3+ Kg2 Nf4#,
e4 e5 Nf3 Bb4 Nxe5 Qe7 Nd3 Qxe4+ Be2 Qxg2 Bf3 Qg6 Nxb4 Qe6+ Qe2 c6 Qxe6+ dxe6 d4 Nf6 Bg5 Nbd7 Bxf6 Nxf6 O-O Bd7 Nc3 O-O-O a4 a5 b3 axb4 Ne2 Nd5 c4 Nf6 d5 Rhe8 dxe6 Bxe6 a5 Kb8 Rfd1 c5 Rxd8+ Rxd8 a6 bxa6 Rxa6 Rd1+ Kg2 Rb1 Ra8+ Kc7 Ra7+ Kd6 Ra6+ Ke5 Ra5 Nd7 Bc6 Kd6 Bxd7 Bxd7 Ra6+ Bc6+ Kg3 Rxb3+ f3 Rxf3+ Kh4 Re3 Nf4 Re4 Kg3 Rxc4 Ra7 Be8 Ra6+ Ke7 Nd5+ Kf8 Ra8 g6 Nc7 Re4 Kf3 Re7 Nd5 Rb7 Nf6 Re7 Nd5 b3 Nxe7 Kxe7 Rb8 Bc6+ Ke3 Bd5 Kd3 Kd6 Kc3 c4 Rd8+ Ke6 Rc8 h5 h4 Ke5 Re8+ Be6 Kd2 Kf5 Kc3 Kg4 Kb4 Kxh4 Kc3 Kg3 Kb2 h4 Rh8 h3 Rxh3+ Kxh3 Ka1 Kg2 Kb1 g5 Ka1 g4 Kb1 g3 Kb2 Kf2 Ka1 g2 Kb2 g1=Q Ka3 Qa1+ Kb4 b2 Kc5 Qa5+ Kd4 Qd5+ Kc3 Qd3+ Kb4 Qb3+ Ka5 b1=Q Ka6 Q1a2#,
d4 Nf6 Nc3 e6 e4 d5 e5 Nfd7 Nf3 Bb4 Bg5 f6 Bd2 fxe5 Nxe5 Nxe5 dxe5 d4 Ne4 Bxd2+ Qxd2 Qh4 Bd3 b6 O-O-O c5 Nd6+ Kd7 Nxc8 Rxc8 g3 Qh5 f4 Nc6 Rde1 Nb4 Bb5+ Kc7 a3 Nd5 Be2 Qf7 Ref1 Ne3 Rf2 Qd7 h4 g6 g4 Qc6 Bf3 Qb5 Be2 Qe8 h5 gxh5 gxh5 Nd5 Rg1 Ne7 Rg7 Qc6 Rxe7+ Kb8 Bg4 Qh1+ Qd1 Qxd1+ Kxd1 Rg8 Bxe6 Rg1+ Kd2 Rh1 Rg2 Rxh5 Rg8#,
e4 g6 d4 h5 Bc4 e6 Bf4 d5 exd5 exd5 Bb3 Bb4+ c3 Bg4 f3 Qh4+ g3 Qe7+ Qe2 Bxf3 Nxf3 Ba5 Bxd5 c6 Qxe7+ Kxe7 Be4 b5 O-O Nf6 Be5 Nxe4 Bxh8 Nxc3 bxc3 Nd7 Re1+ Kd6 Be5+ Nxe5 dxe5+ Ke6 Nd4+ Kd5 e6 f5 e7 Re8 Ne6 Bb6+ Kg2 Rxe7 Nf4+ Kd6 Rxe7 Kxe7 Nxg6+ Ke6 Nd2 a5 Re1+ Kf6 Ne5 b4 cxb4 axb4 Nxc6 Kg5 Nxb4 Ba5 h4+ Kg4 a3 Bc7 Nf1 Bd8 Nc6 Bf6 a4 Bc3 Rc1 Bb2 Rc2 Bf6 Ne3#,
e4 c5 Nf3 d6 d4 cxd4 Nxd4 Nf6 Nc3 a6 Bc4 e6 Be3 Be7 h3 Bd7 a3 Nc6 Qd2 Rc8 Ba2 O-O O-O Nxd4 Bxd4 Qa5 Bxf6 gxf6 Qh6 Rxc3 bxc3 Qxc3 Bb3 Bc6 Rae1 Kh8 Re3 Qe5 Rg3 Bxe4 Qg7#,
e4 c5 Nf3 d6 d4 cxd4 Nxd4 a6 Nc3 Nf6 h3 Nc6 Be3 g6 Qd2 Bg7 O-O-O Bd7 g4 O-O f3 Ne5 f4 Nc6 f5 e5 fxg6 exd4 gxh7+ Nxh7 Bh6 dxc3 Qf4 cxb2+ Kb1 Bxh6 Qxh6 Qf6 Qe3 Rae8 Bd3 Ne5 Rdf1 Qh4 Be2 Bc6 Rh2 Kh8 Rhf2 Ng5 Rf5 Re6 Bd3 Kg7 Rxg5+ Rg6 Rh5 Nxg4 Qd4+ f6 Rxh4 Ne5 Qxd6 Nxd3 cxd3 Bb5 e5 f5 Qd4 Rf7 e6+ Rff6 e7 Kf7 Rh7+ Ke8 Qd8#,
d4 Nf6 Nf3 e6 c4 c5 e3 cxd4 exd4 d5 c5 Be7 Bb5+ Nc6 O-O Bd7 a4 b6 b4 Nxb4 Bxd7+ Nxd7 cxb6 Qxb6 Nc3 Nc6 Ne5 Ndxe5 dxe5 Nxe5 Be3 Qd8 Qe2 Nd7 Nb5 a6 Nd4 O-O Nc6 Qe8 Nxe7+ Qxe7 Rac1 Qb4 Ra1 Rfc8 Rfb1 Qd6 a5 Qe7 g3 Qd8 Rb7 Rcb8 Rab1 Rxb7 Rxb7 Qc8 Qb2 Rb8 Rxb8 Qxb8 Bb6 Nxb6 Qxb6 Qc8 Kg2 Kf8 Qd6+ Ke8 Qb6 Kd7 Qa7+ Ke8 h4 h5 Qd4 Kf8 Qe5 Qc5 Qb8+ Ke7 Qb7+ Kf6 Qb2+ d4 Qb6 Qd5+ Kg1 d3 Qb2+ Qe5 Qd2 Qe2 Qf4+ Kg6 Qc4 Qe1+ Kg2 Qxa5 Qxd3+ Kh6 Qe3+ Kh7 Qe4+ Qf5 Qa4 a5 f3 g5 hxg5 Qxg5 Qe4+ Qf5 Qa4 Kg6 g4 hxg4 fxg4 Qd5+ Kh3 Qh1+ Kg3 Qg1+ Kh3 Qe3+ Kg2 Qd2+ Kg3 Qd5 Kh4 Qg5+ Kg3 f5 Qe8+ Kf6 Qd8+ Ke5 Qh8+ Ke4 Qa8+ Kd3 Qf3+ Qe3 Qxe3+ Kxe3 g5 f4+ Kg2 f3+ Kf1 a4 g6 a3 g7 a2 g8=Q a1=Q#,
e4 e5 Nf3 Nc6 Bb5 d6 O-O a6 Ba4 b5 Bb3 Nf6 Re1 Be7 c3 Bg4 d3 h6 Be3 O-O Nbd2 Be6 h3 Qc8 Bc2 Nh7 d4 Bd7 Qe2 f5 exf5 Bxf5 Ne4 d5 Ng3 e4 Nxf5 Rxf5 Nd2 g5 f3 Nf6 fxe4 dxe4 Nxe4 Nxe4 Bxe4 Rf6 Rf1 Qe6 Qd3 Rxf1+ Rxf1 Qd7 Bh7+ Kh8 Be4 Bd6 Bd5 Bh2+ Kxh2 Qxd5 Kh1 Re8 Qg6 Qg8 Qxh6+ Qh7 Rf8+ Rxf8 Qxf8+ Qg8 Qf6+ Qg7 Qxc6 Kh7 Qe4+ Kg8 Qe8+ Qf8 Qxf8+ Kxf8 Bxg5 Kf7 Bf4 Kg6 Kg1 c6 g3 Kh7 Kf2 Kg6 Kf3 Kf5 g4+ Kg6 Ke4 Kf7 b3 Ke6 h4 Kf7 g5 Kg6 Be5 Kh5 Kf5 c5 g6 Kh6 h5 Kxh5 g7 Kh4 g8=Q Kh3 Qg3#,
e4 c5 c3 Nc6 d4 cxd4 cxd4 d6 Bb5 a6 Bxc6+ bxc6 Nf3 g6 O-O Bg7 Nc3 Nf6 Bg5 Rb8 Rb1 Qa5 Bxf6 Bxf6 Qa4 Qb6 d5 O-O Qxc6 Bg4 Qxb6 Rxb6 Nd2 Rfb8 f3 Bd7 Nd1 Bb5 Re1 Bd4+ Kh1 Bd3 Rc1 Bxb2 Nxb2 Rxb2 Nb3 Rxa2 Nd4 Rab2 h3 Rb1 Nc6 Rxc1 Rxc1 Rb7 Rc3 Bb5 Na5 Rb8 Rc7 Kf8 Kg1 f6 Kf2 Kf7 Ke3 h5 Nc6 Bxc6 dxc6 Rb5 Ra7 a5 c7 Rc5 Kd4 Ke6 Rxa5 Rxc7 g4 hxg4 hxg4 g5 Ra3 Rc1 Ke3 Rc5 Rd3 d5 Ra3 dxe4 Kxe4 Rc4+ Kd3 Rf4 Ke3 Kf7 Ra6 Rb4 Ra7 Rb3+ Ke4 Rb5 Rc7 Re5+ Kd3 Kg6 Rc4 e6 Rc8 Kh6 Rh8+ Kg7 Rc8 f5 Rc7+ Kf6 gxf5 exf5 Rc8 Kg6 Kd4 Re6 Rg8+ Kf6 Rf8+ Kg6 Rg8+ Kh6 Rh8+ Kg7 Rd8 g4 fxg4 fxg4 Rd5 Rg6 Ke3 g3 Rd1 g2 Rg1 Kh6 Kf2 Kh5 Kf3 Kh4 Kf2 Kh3 Kf3 Rg3+ Kf2 Kh2 Ra1 g1=Q+ Rxg1 Rxg1 Kf3 Re1 Kf4 Kg2 Kf5 Kg3 Kf6 Kg4 Kf7 Kf5 Kg7 Kg5 Kf7 Re4 Kg7 Re7+ Kh8 Kg6 Kg8 Re8#,
e4 c5 Nf3 Nc6 Bb5 d6 d4 a6 Bxc6+ bxc6 dxc5 d5 exd5 cxd5 Nc3 Bg4 Qxd5 Qxd5 Nxd5 Bxf3 gxf3 Ra7 c6 e6 c7 Ne7 Nxe7 Rxc7 Bf4 Rxe7 Bd6 Rd7 Bxf8 Kxf8 Rg1 g6 Rg4 f5 Rc4 Kg7 Rd1 Rb7 Rc6 Rxb2 Rxe6 a5 Rd7+ Kh6 Rde7 Rxc2 Re8 Rc1+ Kd2 Rxe8 Rxe8 Ra1 Ke3 Rxa2 Rd8 a4 Rd2 Ra3+ Rd3 Rxd3+ Kxd3 a3 Kc3 a2 Kb2 Kg5 Kxa2 f4 Kb1 Kh4 Kc2 Kh3 Kd3 Kxh2 Ke4 Kg2 Kxf4 Kxf2 Kg4 Kg2 f4 Kf2 Kg5 Kf3 Kh6 Kxf4 Kxh7 g5 Kh6 g4 Kh5 g3 Kh4 Kf3 Kh3 Kf2 Kh4 g2 Kh3 g1=Q Kh4 Kf3 Kh5 Kf4 Kh6 Kf5 Kh7 Qg6+ Kh8 Qe8+ Kg7 Qg6+ Kh8 Qd6 Kg8 Kf6 Kh8 Qg3 Kh7 Qg7#,
e3 e6 Qf3 Nf6 Nc3 Nc6 Nb5 a6 Nd4 Nxd4 exd4 c5 dxc5 Bxc5 Qg3 O-O b3 Qb6 Bb2 Bd6 f4 Re8 Bxf6 g6 h4 Qc5 h5 e5 hxg6 fxg6 Bc4+ Kf8 Rxh7 Qxg1+ Ke2 Qxa1 Bg7+ Ke7 Qg5#,
e4 e6 d4 Qh4 Nc3 Nf6 e5 Ne4 Nf3 Qxf2#,
e4 e5 d4 exd4 Qxd4 Nc6 Qe3 Nf6 Nc3 Nb4 Qe2 Bc5 a3 Nc6 b4 Bd4 Bd2 O-O Nf3 Re8 Bg5 h6 Bxf6 Bxf6 Qe3 Bxc3+ Qxc3 Rxe4+ Be2 d6 O-O Rxe2 Nd4 Nxd4 Qxd4 Rxc2 Rae1 Bf5 Re3 c5 bxc5 dxc5 Qf4 Bd3 Rfe1 Rb2 Re7 Rb1 Qxf7+ Kh8 Qxg7#,
e4 e5 Nf3 Nc6 Bc4 Nf6 Nc3 Bc5 O-O O-O d3 d6 Bg5 h6 Bh4 Bg4 h3 Bh5 Re1 Qe8 a3 Qe7 Rf1 Rfe8 Qe2 a6 Rfe1 Nd4 Nxd4 Bxe2 Rxe2 Bxd4 Na4 b5 Bb3 bxa4 Bxa4 Bxb2 Rb1 Bxa3 Rb3 Bc5 c3 Reb8 Ra3 Bxa3 f3 Rb2 Re3 Bc5 Bf2 Bxe3 Bxe3 Ra2 Bb3 Ra3 Bc4 Rxc3 Ba2 Rxd3 Bc1 Rd1+ Kf2 Rxc1 Bb3 Rb1 Bc4 Rb2+ Kf1 Rb1+ Kf2 a5 Ba2 Rb2+ Ke3 Rxa2 Kd3 Rxg2 Ke3 Rg3 Kf2 Rxh3 Ke2 Rxf3 Kxf3 Nxe4 Kxe4 a4 Kd3 a3 Kc2 a2 Kb2 a1=Q+ Kc2 Qh4 Kd3 Ra4 Ke3 Qe4+ Kf2 Qc3 Kf1 Qec2 Kg1 Ra1#,
e4 e5 Nf3 d6 Bc4 Be6 Bxe6 fxe6 d3 Nc6 O-O d5 exd5 exd5 Re1 Nf6 Nxe5 Nxe5 Rxe5+ Be7 Bg5 Qd6 Bf4 O-O-O Rg5 Qxf4 Rxg7 Bd6 Qd2 Qxh2+ Kf1 Qh1+ Ke2 Rde8+ Kf3 Qh5+ g4 Qh3#,
e4 e5 Nf3 Nc6 Bb5 a6 Bxc6 dxc6 Nxe5 Qd4 Qf3 Qxe5 Nc3 Nf6 O-O Bg4 Qe3 Bc5 Qe1 Qf4 d4 Bxd4 Bxf4 Bxc3 bxc3 O-O e5 Rfe8 h3 Bf5 Qe2 Nd5 g3 Nxc3 Qf3 Nd5 Rab1 Bxh3 Rfe1 Bf5 Rxb7 Bxc2 Rc1 Ba4 Qa3 Rab8 Rxb8 Rxb8 Qxa4 Nxf4 gxf4 Rb6 Rxc6 Rb1+ Kg2 Rb6 Rxb6 cxb6 Qe8#,
e4 c6 d4 e6 Nf3 d5 exd5 cxd5 Nc3 Bd7 Bb5 Nc6 Bf4 a6 Ba4 b5 Bb3 Bc8 a3 Bd6 Bxd6 Qxd6 O-O b4 axb4 Nxb4 Ne5 Nf6 Nd3 a5 Nxb4 axb4 Rxa8 O-O Nb5 Qc6 Rxc8 Rxc8 Na7 Qc7 Nxc8 Qxc8 Qd3 g6 c3 bxc3 bxc3 Kg7 c4 dxc4 Bxc4 Qd8 Rd1 e5 dxe5 Qxd3 exf6+ Kxf6 Rxd3 g5 Rh3 Kg6 Bd3+ f5 Rf3 g4 Rxf5 Kh6 Rf4 Kg5 Ra4 h6 h3 gxh3 gxh3 Kf6 Rh4 Kg7 Bf5 Kf6 Rf4 Kg7 Rh4 Kf6 Rxh6+ Kxf5 Ra6 Kg5 Kh2 Kf4 h4 Kg4 Rh6 Kf5 h5 Kg5 Rh8 Kf6 h6 Ke5 h7 Kf6 Rf8+ Kg7 h8=Q+ Kg6 Rf6+ Kg5 Qh6+ Kg4 Rf4#,
e4 e5 Nf3 Nc6 d4 exd4 Nxd4 Nxd4 Qxd4 f6 Bc4 b6 Qd5 Ne7 Qf7#,
e4 e5 Nf3 Nc6 Bb5 a6 Ba4 b5 Bb3 d6 a3 Na5 Ba2 Bg4 O-O Nf6 h3 Bh5 Re1 Be7 d3 O-O Nc3 h6 Nd5 c6 Nxf6+ Bxf6 d4 exd4 Qd2 c5 e5 dxe5 Nxe5 Bxe5 Rxe5 Bg6 Rxc5 Rb8 Rd5 Qe7 Rxd4 Rbd8 Rxd8 Rxd8 Qxa5 Rd1+ Kh2 Qd6+ g3 Qd7 Qxa6 Bxc2 Qa8+ Kh7 Qf3 Qd4 Be3 Qd3 Rxd1 Bxd1 Qxf7 Qc2 Qg8+ Kg6 Bf7+ Kf6 Bd4+ Kg5 Qxg7+ Kf5 Qg6#,
e4 e5 Nf3 Nc6 Bc4 h6 Nc3 Nf6 d3 d6 Be3 Be7 O-O O-O Qd2 Re8 a3 Bg4 Qe2 a6 h3 Bh5 b4 Qd7 b5 Nd4 Qd2 Bxf3 Bxd4 exd4 gxf3 dxc3 Qxc3 Qxh3 bxa6 bxa6 d4 Red8 Qb3 d5 exd5 Bd6 f4 Qxb3 Bxb3 Bxf4 c4 Re8 Ba4 Re2 Bc6 Rb8 Rfe1 Rc2 c5 Bd2 Ba4 Rcb2 Re2 Bc3 Rxb2 Bxb2 Rb1 Nxd5 Bc6 Nc3 Re1 Bxa3 Ra1 Bb2 Rxa6 Ne4 Bxe4 Bxd4 Rc6 Rb7 Ra6 Bxc5 Bxb7 g5 Rxh6 Kg7 Rh5 Kg6 Rh8 f5 Rc8 Bd6 Rg8+ Kf6 Bc8 c6 Rd8 Be7 Rd1 c5 Rc1 f4 Ra1 Bd6 Ra6 Ke5 Bf5 f3 Bg4 Be7 Re6+ Kf4 Rxe7 Kxg4 Rc7 Kf4 Rxc5 g4 Kh2 g3+ fxg3+ Ke3 Rc8 f2 Rf8 Ke2 Rxf2+ Kxf2 g4 Kf3 g5 Kf4 g6 Kf5 g7 Kf6 g8=Q Ke5 Qf7 Kd4 Qe6 Kc3 Qd5 Kc2 Qd4 Kb1 Qc3 Ka2 Qb4 Ka1 Kg2 Ka2 Kf2 Ka1 Ke2 Ka2 Kd2 Ka1 Kc2 Ka2 Qb1+ Ka3 Qb3#,
h4 e5 a4 d5 b4 Nc6 b5 Na5 g4 a6 b6 cxb6 g5 b5 axb5 axb5 Nc3 f6 Nxb5 fxg5 Nd6+ Bxd6 hxg5 Qxg5 Bh3 Bxh3 Rxh3 Qxg1#,
e4 e5 Nf3 d6 Bc4 Be7 d3 Nf6 Ng5 O-O Nxf7 Rxf7 Bxf7+ Kxf7 O-O Nc6 Nc3 Kg8 Be3 Bd7 d4 exd4 Bxd4 Nxd4 Qxd4 c5 Qc4+ Kh8 Nd5 Nxd5 Qxd5 Bc6 Qf5 Bf6 Rfe1 Qf8 e5 Bxe5 Qxf8+ Rxf8 c3 a6 Rac1 b5 c4 b4 Rb1 a5 a3 b3 Re3 a4 g4 Bd4 Rg3 Bxf2+ Kf1 Bxg3+ Ke2 Bxh2 Kd3 Be5 Kd2 Be4 Re1 Bc2 Kc1 Bd3 g5 Rf1 Rxf1 Bxf1 Kd1 Bf4 Ke1 Bxc4 Kf2 Bc1 Kg3 Bxb2 Kg4 Bxa3 Kh5 b2 g6 hxg6+ Kxg6 b1=Q+ Kh5 Bc1 Kg4 Be2+ Kh4 Qf5 Kg3 Bf4+ Kf2 a3 Kxe2 Bd2 Kxd2 a2 Kc1 a1=Q+ Kd2 Qa4 Kc3 Qh3+ Kb2 Qab3+ Ka1 Qh1#,
d4 d5 c4 Nc6 Nc3 Nf6 e3 e6 Nf3 Bb4 Bd2 Bxc3 Bxc3 dxc4 Bxc4 Ne4 O-O Nxc3 bxc3 O-O Ne5 Nxe5 dxe5 Bd7 Qf3 Bc6 Qg4 b5 Bd3 Qxd3 Rac1 Qd5 Rfd1 Qxa2 f4 a5 f5 exf5 Qxf5 Qxg2#,
e4 e5 Nf3 c5 d4 Nc6 dxe5 d6 exd6 Bxd6 Bg5 Nf6 Bc4 Be6 Bxe6 fxe6 Nc3 e5 Nd5 Be7 Nxe7 Qxe7 Qd5 Rd8 Qc4 h6 Bxf6 Qxf6 Qxc5 Rd6 O-O O-O Rad1 Rxd1 Rxd1 Nd4 Nxd4 Qxf2+ Kh1 exd4 Qxd4 Qxd4 Rxd4 Rf1#,
d4 d5 Bf4 Nf6 Nf3 c6 e3 e6 Ne5 Nbd7 Nd2 Nxe5 dxe5 Nd7 Nf3 Qb6 a3 Qxb2 Nd2 a5 Nb3 a4 Rb1 Qxa3 e4 axb3 Bc1 Qb4+ Bd2 Qxe4+ Qe2 Qxc2 Qd1 Qe4+ Qe2 Qxb1+ Qd1 Qe4+ Be2 b2 O-O Ra1 Qxa1 bxa1=Q Rxa1 Qxe2 Be3 Nxe5 h3 Nc4 Rf1 Bd6 Rc1 Nxe3 fxe3 Qxe3+ Kf1 Bg3 Rb1 Qf2#,
e4 e6 d4 d5 e5 c5 c3 Nc6 Nf3 Qb6 Bd3 Nh6 Bxh6 Qxb2 Bc1 Qxa1 Qc2 cxd4 cxd4 Nb4 Bb5+ Bd7 Bxd7+ Kxd7 Qa4+ Nc6 Qb3 Nxd4 Qxb7+ Ke8 Qxa8+ Ke7 Ba3+ Kd7 Qb7+ Ke8 Qc8#,
e4 e5 Nf3 Nc6 Bb5 a6 Bxc6 dxc6 Nxe5 Qd4 Nf3 Qxe4+ Qe2 Qxe2+ Kxe2 Nf6 d4 c5 c3 cxd4 cxd4 Bb4 Rd1 O-O a3 Re8+ Kf1 Bd6 Nc3 Ng4 h3 Nh2+ Nxh2 Bxh2 d5 Re5 g3 Rf5 Kg2 Rf6 Kxh2 Rxf2+ Kg1 Rf3 Rf1 Rxf1+ Kxf1 Bxh3+ Kg1 Rd8 Bf4 c6 d6 g5 Kh2 gxf4 Kxh3 fxg3 Rd1 Kg7 Kxg3 Kf6 Ne4+ Ke5 Ng5 Kf6 Nxh7+ Kg6 Rh1 Rh8 d7 Rg8 Kg4 Kg7 Ng5 Kf6 Rh6+ Ke5 Rh7 f6 Re7+ Kd6 Re8 Rxg5+ Kf4 Re5 d8=Q+ Kc5 Rxe5+ fxe5+ Kxe5 Kc4 Qb8 Kb3 Qxb7+ Ka2 Qxa6 Kxb2 Qxc6 Kxa3 Qc1+ Kb3 Kd4 Kb4 Qc4+ Ka5 Qb3 Ka6 Kc5 Ka7 Kc6 Ka8 Qb7#,
e4 e5 Nf3 Nf6 Nxe5 Nxe4 Qe2 Qe7 Qxe4 Nc6 d4 d6 Nc3 f5 Qd5 dxe5 dxe5 Nxe5 Bd3 Nxd3+ Kd2 Nxf2 Re1 Ne4+ Nxe4 c6 Nd6+ Kd7 Nxb7+ Kc7 Rxe7+ Bxe7 Qe5+ Kxb7 Qxe7+ Kb6 Qxg7 Bb7 Kd1 Rad8+ Bd2 Rhg8 Qxh7 Rxg2 Qxf5 Rg1+ Ke2 Rxa1 Ba5+ Ka6 Bxd8 Rxa2 Qg4 Rxb2 Qa4#,
c4 e5 Nc3 Nf6 g3 Bc5 Bg2 O-O e3 a6 Nge2 c6 d4 exd4 exd4 Bb4 O-O d5 c5 Bg4 h3 Bh5 g4 Bg6 f4 Be4 Qb3 Bxg2 Kxg2 Ba5 Qxb7 Nbd7 Qxc6 Rc8 Qxa6 Bb4 a3 Nb8 Qd3 Ba5 b4 Bc7 g5 Ng4 Qf3 Nh2 Kxh2 g6 Nxd5 Nc6 Nf6+ Kg7 Qxc6 Bxf4+ Nxf4 Rxc6 d5 Rxf6 Bb2 Qe7 Bxf6+ Qxf6 gxf6+ Kxf6 d6 Ke5 Rfe1+ Kxf4 d7 Kf3 Rad1 Rd8 Re8 Rxd7 Rxd7 f5 Rd4 f4 Rxf4+ Kxf4 Re7 g5 Rxh7 Ke4 Rh5 Kd5 Rxg5+ Kc4 Rg4+ Kb3 Rg3+ Ka4 Rf3 Kb5 Rf6 Ka4 Rb6 Kxa3 Kg2 Kb3 Kf3 Kc4 Ke4 Kc3 c6 Kc4 c7 Kb3 b5 Kb4 Rc6 Kxb5 Rc1 Kb6 c8=N+ Kb7 Ne7 Kb6 Kd5 Kb7 Kd6 Kb6 Rb1+ Ka5 Kc6 Ka4 Kc5 Ka3 Kc4 Ka2 Rb8 Ka3 Ng6 Ka4 Ra8#,
e4 e5 Nf3 d6 d4 Qf6 Bg5 Qg6 dxe5 Qxe4+ Qe2 Qb4+ Bd2 Qxb2 exd6+ Kd7 Qb5+ c6 Qxb2 Nf6 Ne5+ Ke8 d7+ Nbxd7 Nxd7 Bxd7 Qxb7 Rd8 Qxa7 h6 Qe3+ Be7 Bd3 Kf8 O-O Bd6 Re1 Ng4 Qe4 Bxh2+ Kf1 Nf6 Qe7+ Kg8 Qxd8+ Ne8 Rxe8+ Bxe8 Qxe8#,
e4 e5 d4 d6 d5 Nf6 f3 c6 Bg5 cxd5 exd5 Be7 Bb5+ Bd7 Bxf6 Bxf6 Bc4 e4 c3 exf3 Qxf3 O-O Qf4 Qe7+ Ne2 a6 Rf1 b5 Bd3 Qe5 Qf3 Re8 Nd2 b4 Nc4 Qe7 Qh5 h6 Rf3 bxc3 bxc3 Bxc3+ Kd1 Ba4+ Bc2 Qxe2+ Kc1 Qxc2#,
e4 e5 Nf3 Nf6 Nxe5 Nxe4 Bc4 d5 d3 dxc4 dxe4 Qe7 Bf4 Nc6 Nxc4 Qxe4+ Qe2 Qxe2+ Kxe2 Bg4+ f3 Bf5 c3 O-O-O Kf2 Bc5+ Be3 Bxe3+ Kxe3 Rhe8+ Kf2 g5 Nba3 h5 Rad1 Rxd1 Rxd1 h4 h3 Bc2 Rd2 Bh7 Nb5 f5 Nbd6+ cxd6 Nxd6+ Kd8 Nxf5+ Kc7 Nd6 Rd8 Nb5+ Kc8 Nxa7+ Kc7 Rxd8 Kxd8 Nxc6+ bxc6 Ke3 Bg8 a4 Kc7 b4 Bb3 a5 Kb7 Kd4 Ka6 Kc5 Ba4 Kd4 Kb5 c4+ Kxb4 a6 c5+ Kd5 Ka5 a7 Kb6 a8=Q Bc6+ Qxc6+ Ka5 Qb5#,
e4 e5 Nf3 Nc6 Bb5 h6 d3 Nf6 Nc3 a6 Ba4 b5 Bb3 d6 d4 exd4 Nxd4 Nxd4 Qxd4 Be6 Bxe6 fxe6 e5 c5 Qe3 Ng4 Qg3 Nxe5 O-O Qf6 Ne4 Qf7 Bf4 Be7 Bxe5 dxe5 Qxe5 O-O Rad1 Rac8 Rd7 Rce8 Qg3 Qf5 Re1 Bg5 Nd6 Re7 Nxf5 Rxd7 Nh4 Rd2 Rf1 Rxc2 Ng6 Rf6 Qb8+ Kh7 Nf8+ Kg8 Nd7+ Kf7 Nxf6 Bxf6 g3 Rxb2 Rd1 Rxa2 Rd7+ Kg6 Qe8+ Kf5 Qh5+ Ke4 Qg4+ Ke5 f4+ Ke4 Qxe6+ Kf3 Rd3#,
Nf3 d6 e4 e5 g3 f5 d3 Nf6 Nc3 c6 Bg5 Be7 Bg2 Be6 O-O h6 Bxf6 Bxf6 d4 Nd7 dxe5 dxe5 Qd6 Bc4 Rfd1 Kf7 Qxd7+ Qxd7 Rxd7+ Ke6 Rad1 Rhd8 Rxd8 Rxd8 Rxd8 Bxd8 Bh3 g6 b3 Ba6 Na4 Be7 Nh4 Kf6 exf5 g5 Ng6 Bb4 c3 Ba3 f4 e4 fxg5+ hxg5 b4 Bc1 Nc5 e3 Bf1 Bxf1 Kxf1 Bd2 Ne4+ Kxf5 Nxd2 exd2 Ne7+ Ke4 Ke2 d1=Q+ Kxd1 Kd3 h4 gxh4 gxh4 Kxc3 h5 Kxb4 h6 c5 h7 b5 h8=Q a5 Nc6+ Ka4 Qb2 c4 Qc2+ Ka3 Nxa5 Kb4 Nc6+ Kc5 Ne5 Kb4 Kd2 c3+ Qxc3+ Ka4 Nc6 b4 Qxb4#,
e4 e5 Nf3 Nc6 Bc4 Bc5 Nc3 Nf6 d3 d6 Ng5 Be6 Nxe6 fxe6 Bxe6 Nd4 Bc4 Qe7 Nd5 Nxd5 Qh5+ g6 Bg5 gxh5 Bxe7 Nxe7 O-O Ne2+ Kh1 O-O-O Be6+ Kb8 c3 Rdf8 a4 Rf6 Bh3 Rhf8 b4 Bxf2 Rfe1 Bxe1 Rxe1 Rf1+ Rxf1 Rxf1#,
e4 e5 Nf3 Nc6 Bb5 Bc5 d3 Nf6 O-O O-O Bxc6 bxc6 Nxe5 h6 Nf3 d5 e5 Ng4 d4 Bb6 h3 c5 dxc5 Bxc5 hxg4 Bxg4 Be3 d4 Bxd4 Qxd4 Qxd4 Bxd4 Nxd4 Rfe8 f4 c5 Nb3 Rad8 Nc3 g5 Nxc5 gxf4 Rxf4 Rxe5 Rxg4+ Kh7 Nd3 Re3 Rf1 Rf8 Nd5 Re6 Nf6+ Rxf6 Rxf6 Rg8 Rxf7+ Kh8 Rxg8+ Kxg8 Rxa7 Kf8 Ne5 Ke8 Rd7 Kf8 Kh2 Ke8 Kh3 Kf8 Kh4 Ke8 Kh5 Kf8 Kxh6 Ke8 Kg6 Kf8 Kf6 Kg8 g4 Kh8 Ng6+ Kg8 Ne5 Kf8 Rd8#,
e4 e5 Nf3 Nc6 Bc4 d5 Bxd5 Bg4 h3 Be6 Bxe6 fxe6 d3 Nf6 Nc3 Qe7 d4 exd4 Nxd4 Nxd4 Qxd4 c5 Qe5 b6 Nb5 Qb7 f3 Rd8 Qxe6+ Qe7 Nc7#,
e4 e6 Nf3 d5 d4 c5 dxc5 Bxc5 Ne5 Nc6 Bb5 Qf6 f4 Ne7 exd5 exd5 b4 Bb6 c4 O-O cxd5 Nxe5 d6 N7c6 Rf1 Nd3+ Qxd3 Qxa1 f5 Qd4 Qg3 Re8+ Be2 Nxb4 Bh6 Nc2#,
d4 e6 c4 Nf6 Nc3 c6 e4 d6 Bg5 Be7 Nf3 O-O h4 h6 e5 dxe5 dxe5 Nh7 Bxe7 Qxe7 Bd3 g6 Qc2 Nd7 Ne4 Nc5 Nxc5 Qxc5 h5 Kh8 hxg6 fxg6 Rxh6 Kg7 Rxh7+ Kxh7 Bxg6+ Kh6 Bh7 Rf5 Bxf5 exf5 O-O-O Be6 Rh1+ Kg6 Nh4+ Kg5 Qd2+ f4 Nf3+ Kg6 Qxf4 Rf8 Rh6+ Kg7 Qg5+ Kf7 Qf6+ Ke8 Qxe6+ Qe7 Qc8+ Kf7 Rh7+ Kg6 Rxe7 Rxc8 Nd4 b6 e6 c5 Nb5 a6 Nc7 Rh8 Rd7 Rh1+ Kc2 Re1 e7 Re2+ Kd3 Re1 e8=Q+ Rxe8 Nxe8 Kg5 Ke4 Kg4 Rg7+ Kh4 Kf5 Kh5 Rh7#,
f4 e6 Nf3 f5 e3 Nf6 Be2 Be7 O-O O-O d3 c6 a3 d5 Nc3 Bd6 g3 Rf7 Ng5 Rf8 Nf3 h6 Ne5 Nbd7 b4 Nxe5 fxe5 Bxe5 d4 Bd6 Bf3 g5 Ne2 g4 Bg2 Qe7 Nf4 Bxf4 exf4 Bd7 c3 Rad8 Bd2 Ne4 Bxe4 dxe4 Be3 Bc8 Qb3 h5 Rae1 h4 Rf2 h3 c4 Rf7 c5 Qd7 Rd1 Qd5 Qc3 b6 Rfd2 Ba6 a4 Bd3 Rxd3 exd3 Qxd3 Qg2#,
g3 Nf6 Bg2 d5 e3 c5 d4 Nc6 dxc5 e5 Nc3 e4 Na4 Qa5+ Nc3 Bxc5 Bd2 Qd8 Na4 Bd6 Bc3 b5 Bxf6 Qxf6 Nc3 Bb4 Kf1 Bxc3 bxc3 Qxc3 Ne2 Qe5 Rb1 a6 Nf4 Be6 Bh3 Bxh3+ Nxh3 O-O Nf4 f5 Qxd5+ Qxd5 Nxd5 Rad8 Nb4 Nxb4 Rxb4 Rd1+ Kg2 Rxh1 Kxh1 Rd8 Rd4 Rxd4 exd4 Kf7 c3 Ke6 Kg2 Kd5 Kf1 b4 cxb4 Kxd4 a3 Kc4 Ke2 Kb3 f3 Kxa3 fxe4 fxe4 Ke3 Kxb4 Kxe4 a5 h4 a4 g4 a3 Kd3 Kb3 h5 a2 g5 a1=Q g6 hxg6 h6 gxh6 Ke4 Qc3 Kf4 Qd4+ Kg3 Qe4 Kh3 Qf4 Kg2 Qe3 Kf1 Qd2 Kg1 Kc4 Kf1 Kd4 Kg1 Ke3 Kh1 Kf3 Kg1 Qg2#,
e4 c5 Nf3 d6 d4 Nc6 Bb5 a6 Bxc6+ bxc6 dxc5 Qa5+ Nc3 Qxc5 Be3 Qa5 O-O Nf6 Bd2 d5 Nxd5 Qb5 Nc7+ Kd8 Nxb5 cxb5 Ba5+ Ke8 Qd8#,
e4 e5 Nf3 Nc6 Bc4 h6 d4 exd4 O-O Bc5 c3 dxc3 Qd5 Bxf2+ Rxf2 Qf6 Ne5 Nge7 Rxf6 Nxd5 Rxf7 Nxe5 Bxd5 Nxf7 Bxf7+ Kxf7 Nxc3 Rf8 Bf4 c6 Rf1 Kg8 Bd6 Rxf1+ Kxf1 b5 Kf2 Ba6 Ke3 Kf7 e5 Ke6 Kf4 g5+ Kg4 Kf7 Kh5 Kg7 Ne4 Rc8 Nf6 c5 Nxd7 c4 e6 Rc6 e7 Kf7 Ne5+ Ke8 Nxc6 b4 Nxb4 Bb7 g3 a6 Kxh6 a5 Nc2 g4 Nd4 a4 Kg5 Bc8 Nf5 Be6 Ng7+ Kd7 Nxe6 Kxe6 e8=Q+ Kxd6 Qxa4 Kd5 Kxg4 Kd4 b3 Kc3 Qxc4+ Kb2 b4 Ka3 Kf3 Ka4 Ke3 Ka3 Qb3#,
d4 d5 c3 c5 dxc5 Nc6 b4 a5 b5 Ne5 Qb3 e6 c6 bxc6 bxc6 Nxc6 Qb5 Qc7 Nf3 Ba6 Qa4 Nf6 Nd4 Bb7 e3 Bc5 Bb5 Bxd4 cxd4 O-O Nc3 Na7 Ba3 Qxc3+ Ke2 Ne4 Bxf8 Qd2+ Kf3 Qxf2+ Kg4 Qf5+ Kh4 g5+ Kh5 Nf6+ Kh6 Qg6#,
e4 e6 d4 d5 Nc3 c5 exd5 exd5 dxc5 Bxc5 Qxd5 Qxd5 Nxd5 Bd6 Be3 Be6 O-O-O Ne7 Nxe7 Bxe7 Bb5+ Nc6 Nf3 Bg4 h3 Bh5 g4 Bg6 Rhe1 O-O Rd7 Bf6 g5 Bd8 Bc5 Ba5 Bxf8 Bxe1 Bc5 Ba5 Rxb7 Nb4 Bxb4 Bxb4 Bc6 Bc5 Rb5 Rd8 Rxc5 h6 gxh6 gxh6 Rd5 Rc8 Ba4 Rc4 Bb3 Rf4 Rd8+ Kg7 Ne5 Rxf2 Nxg6 Kxg6 Rf8 f5 a3 f4 c3 Kg5 Rg8+ Kh4 Be6 f3 Rg4+ Kh5 Bf7#,
e4 d5 exd5 Qxd5 Nc3 Qd4 Nf3 Qf6 Nd5 Qd6 Bc4 e6 Nc3 Nc6 d4 Qb4 Qe2 a6 O-O f6 Nd5 Qb6 Nxb6 cxb6 Bxe6 Bxe6 Qxe6+ Nce7 d5 Rd8 d6 Rd7 dxe7 Rxe7 Qc8+ Kf7 Bg5 h6 Qc4+ Ke8 Rad1 hxg5 Rfe1 Rxe1+ Rxe1+ Kd8 Qd5+ Kc7 Qf7+ Ne7 Rxe7+ Bxe7 Qxe7+ Kc6 Qxg7 Rd8 h3 Rd1+ Kh2 Rc1 Qxf6+ Kc7 Qg7+ Kc6 Qg6+ Kc7 Qxg5 Rxc2 Qf4+ Kc6 Qf6+ Kc7 Qe5+ Kc6 Qe4+ Kd6 Qxc2 b5 Qg6+ Kc5 Qe6 b4 b3 Kb5 Qd6 a5 Nd4#,
e4 e5 Nf3 f6 Nxe5 fxe5 Qh5+ Ke7 Qxe5+ Kf7 Bc4+ Kg6 Qf5+ Kh6 d4+ g5 h4 d5 Bxg5+ Qxg5 Qxg5#,
e4 e5 Bc4 Nc6 Nf3 Nd4 d3 Bc5 Nxe5 Qf6 Nxf7 Ne6 Nxh8 Qxf2#,
e4 e5 Nf3 Nc6 c4 Bc5 Nc3 d6 h3 Nge7 Bd3 O-O Ne2 Ng6 g3 f5 Qc2 Nb4 Qb1 Qf6 Neg1 Nxd3+ Qxd3 Kh8 Qc2 fxe4 Qxe4 Bf5 Qxb7 Bd3 a3 e4 b4 Qxa1 Kd1 Qb1 Qd5 Qc2+ Ke1 Qxc1#,
e4 g6 Nf3 Nc6 d4 e6 d5 exd5 exd5 Nce7 Qd4 f6 Bd3 Bg7 O-O d6 Re1 b6 b3 c5 dxc6 Qc7 Ba3 d5 Qxd5 Bg4 Bc4 Rd8 Qf7#,
e4 e6 e5 d6 Nf3 dxe5 Nxe5 f6 Ng4 Bb4 c3 Ba5 b4 Bb6 Qa4+ c6 b5 cxb5 Bxb5+ Nc6 O-O a6 Bxc6+ bxc6 Qxc6+ Bd7 Qd6 Bc8 Ba3 Bc7 Qf8+ Kd7 Qxg7+ Ne7 Nxf6+ Kc6 Bxe7 Rg8 Nxg8 Qd7 Nf6 Qxd2 Nxd2 Bxh2+ Kxh2 Rb8 Nfe4 Rb2 c4 e5 Qxe5 Bg4 Qxb2 Be6 c5 a5 Qb6+ Kd5 Qd6#,
e4 e5 Nf3 Nf6 Nxe5 d6 Nf3 Nxe4 Bc4 d5 Bb3 c5 a3 Nc6 O-O Bd6 Re1 O-O d3 Nf6 h3 c4 dxc4 dxc4 Bxc4 Bf5 Nc3 Rc8 Bb5 a6 Bc4 Ne4 Nxe4 Bxe4 Rxe4 Bh2+ Kxh2 Qxd1 Re2 Na5 Bd3 Rcd8 Rd2 Qxd2 Bxd2 Nc6 Ng5 Nd4 Ba5 Rd5 Bxh7+ Kh8 Bb4 Rxg5 Bxf8 Kxh7 c3 Nb3 Rd1 Na5 Bb4 Nc4 Rb1 b6 Be7 Re5 Bh4 Nd2 Rd1 Nc4 Rb1 Re2 b3 Nxa3 Ra1 Nc2 Rxa6 f6 Rxb6 g5 Bg3 Kg6 f3 Ne3 Bc7 Nd5 Rc6 Re3 Ba5 Ne7 Rd6 Nf5 Rb6 Nh4 c4 Re2 b4 Nxf3+ Kg3 Nd4 Rb7 Re6 c5 f5 b5 Ne2+ Kh2 g4 h4 g3+ Kh3 Kh5 Rg7 Re3 Bc7 Ng1#,
g3 e5 e3 d5 Bg2 Nf6 Ne2 c5 d3 Nc6 b3 Be6 Bb2 Be7 Nd2 O-O O-O c4 bxc4 dxc4 dxc4 Na5 f4 Bxc4 Nxc4 Nxc4 Qxd8 Rfxd8 Bxe5 Nxe5 fxe5 Ng4 Bxb7 Rab8 Bf3 Nxe3 Rfe1 Nxc2 Nf4 Nxe1 Rxe1 Bb4 Nd5 Bxe1 Ne7+ Kf8 Nf5 Rd2 Ne3 Rb1 h4 Bxg3+ Nd1 Rbxd1+ Bxd1 Rxd1+ Kg2 Bxe5 Kf3 Rd4 Ke3 f5 a3 f4+ Kf3 Rd3+ Ke4 Re3+ Kf5 f3 Kg4 f2 h5 f1=Q h6 Qf4+ Kh5 Rh3#,
f4 g6 Nf3 f5 e3 e6 b3 Bg7 Nc3 Ne7 Bb2 O-O d3 d6 e4 Nd7 exf5 exf5 Qe2 Re8 O-O-O Nd5 Qd2 Ne3 Re1 Nxf1 Rhxf1 c5 d4 b5 Nxb5 cxd4 Rxe8+ Qxe8 Nxd6 Qf8 Nxc8 Rxc8 Nxd4 Qf6 h3 Nc5 g4 Ne4 Qd1 Rd8 g5 Qa6 a4 Qb6 c3 Nc5 b4 Ne4 Qb3+ Kf8 Ne6+ Ke7 Nxg7 Qe3+ Kb1 Qd3+ Ka2 Qxf1 Qe6+ Kf8 b5 Qxf4 Ba3+ Kxg7 Qe7+ Kg8 Qxd8+ Kf7 Qe7+ Kg8 Qf8#,
e4 e5 b3 Nc6 g3 d5 d3 d4 c3 Nf6 Bb2 Bc5 Ne2 Bg4 h3 Bf3 Rg1 O-O Bg2 dxc3 Nbxc3 Bxg2 Rxg2 Bb4 Qc2 Nd4 Qd2 Nf3+ Kd1 Nxd2 Kxd2 Bxc3+ Bxc3 c5 a4 a5 Rd1 Rb8 g4 b5 Ke3 Re8 Ra1 b4 Bb2 h5 f3 hxg4 fxg4 Nh7 h4 Qxh4 Kd2 Ng5 Rf1 Rbd8 Rgf2 Nxe4+ Kc2 Nxf2 Nf4 exf4 g5 Nxd3 Bxg7 Qh2+ Kb1 Kxg7 Rxf4 Qb2#,
e4 c5 Nf3 Nc6 Bb5 Nf6 e5 Nd5 Bxc6 bxc6 O-O e6 Nc3 Ba6 Re1 Be7 Ne4 O-O d3 c4 dxc4 Bxc4 Nfd2 Bb5 c4 Bh4 Nd6 Nb6 cxb5 cxb5 Nxb5 d5 Nd6 f6 Nb5 fxe5 Rxe5 Qf6 Re3 Qxf2+ Kh1 Qxe3 Nf3 Qe4 Nc3 Qc4 Ne5 Rf1+ Qxf1 Qxf1#,
e4 e5 Nf3 Nc6 Bb5 Nge7 O-O g6 d4 exd4 Nxd4 Bg7 Nxc6 Nxc6 Bxc6 bxc6 Nd2 O-O Nf3 Ba6 Re1 Rb8 c3 Re8 Qa4 Rb6 Be3 Bb5 Qxa7 Ra6 Qc5 Rxe4 Bd4 Rxe1+ Rxe1 d6 Qg5 Qxg5 Nxg5 Bxd4 cxd4 Rxa2 Re8+ Kg7 Re7 Kf6 Rxf7+ Kxg5 f4+ Kh6 g4 g5 f5 Rxb2 Rxc7 Rd2 f6 Kg6 f7 Kg7 Re7 Rxd4 f8=Q+ Kxf8 Rxh7 Rxg4+ Kf2 Rh4 Rxh4 gxh4 Kg2 c5 Kh3 c4 Kxh4 c3 Kg4 c2 h4 c1=Q h5 Be2+ Kf5 Bxh5 Ke6 Qe3+ Kxd6 Qe4 Kc5 Qd3 Kc6 Qd4 Kb5 Qc3 Kb6 Qc4 Kb7 Qc5 Ka6 Qb4 Ka7 Be2 Ka8 Ba6 Ka7 Qb7#,
e4 e5 Nf3 Nc6 Bc4 Bc5 c3 Qe7 O-O d6 h3 Nf6 d4 Bb6 dxe5 Nxe5 Nxe5 Qxe5 Nd2 Bxh3 gxh3 Qg3+ Kh1 Qxh3+ Kg1 Ng4 Nf3 Qg3+ Kh1 Bxf2 Qe2 Qh3+ Nh2 Qxh2#,
