,opening_name,prev_moves,last_move
0,Slav Defense: Exchange Variation,,d4
1,Slav Defense: Exchange Variation,d4,d5
2,Slav Defense: Exchange Variation,d4 d5,c4
3,Slav Defense: Exchange Variation,d4 d5 c4,c6
4,Slav Defense: Exchange Variation,d4 d5 c4 c6,cxd5
5,Slav Defense: Exchange Variation,d4 d5 c4 c6 cxd5,e6
6,Slav Defense: Exchange Variation,d4 d5 c4 c6 cxd5 e6,dxe6
7,Slav Defense: Exchange Variation,d4 d5 c4 c6 cxd5 e6 dxe6,fxe6
8,Slav Defense: Exchange Variation,d4 d5 c4 c6 cxd5 e6 dxe6 fxe6,Nf3
9,Slav Defense: Exchange Variation,d4 d5 c4 c6 cxd5 e6 dxe6 fxe6 Nf3,Bb4+
10,Slav Defense: Exchange Variation,d4 d5 c4 c6 cxd5 e6 dxe6 fxe6 Nf3 Bb4+,Nc3
11,Slav Defense: Exchange Variation,d4 d5 c4 c6 cxd5 e6 dxe6 fxe6 Nf3 Bb4+ Nc3,Ba5
12,Slav Defense: Exchange Variation,d4 d5 c4 c6 cxd5 e6 dxe6 fxe6 Nf3 Bb4+ Nc3 Ba5,Bf4
13,Nimzowitsch Defense: Kennedy Variation,,d4
14,Nimzowitsch Defense: Kennedy Variation,d4,Nc6
15,Nimzowitsch Defense: Kennedy Variation,d4 Nc6,e4
16,Nimzowitsch Defense: Kennedy Variation,d4 Nc6 e4,e5
17,Nimzowitsch Defense: Kennedy Variation,d4 Nc6 e4 e5,f4
18,Nimzowitsch Defense: Kennedy Variation,d4 Nc6 e4 e5 f4,f6
19,Nimzowitsch Defense: Kennedy Variation,d4 Nc6 e4 e5 f4 f6,dxe5
20,Nimzowitsch Defense: Kennedy Variation,d4 Nc6 e4 e5 f4 f6 dxe5,fxe5
21,Nimzowitsch Defense: Kennedy Variation,d4 Nc6 e4 e5 f4 f6 dxe5 fxe5,fxe5
22,Nimzowitsch Defense: Kennedy Variation,d4 Nc6 e4 e5 f4 f6 dxe5 fxe5 fxe5,Nxe5
23,Nimzowitsch Defense: Kennedy Variation,d4 Nc6 e4 e5 f4 f6 dxe5 fxe5 fxe5 Nxe5,Qd4
24,Nimzowitsch Defense: Kennedy Variation,d4 Nc6 e4 e5 f4 f6 dxe5 fxe5 fxe5 Nxe5 Qd4,Nc6
25,Nimzowitsch Defense: Kennedy Variation,d4 Nc6 e4 e5 f4 f6 dxe5 fxe5 fxe5 Nxe5 Qd4 Nc6,Qe5+
26,Nimzowitsch Defense: Kennedy Variation,d4 Nc6 e4 e5 f4 f6 dxe5 fxe5 fxe5 Nxe5 Qd4 Nc6 Qe5+,Nxe5
27,Nimzowitsch Defense: Kennedy Variation,d4 Nc6 e4 e5 f4 f6 dxe5 fxe5 fxe5 Nxe5 Qd4 Nc6 Qe5+ Nxe5,c4
28,Nimzowitsch Defense: Kennedy Variation,d4 Nc6 e4 e5 f4 f6 dxe5 fxe5 fxe5 Nxe5 Qd4 Nc6 Qe5+ Nxe5 c4,Bb4+
29,King's Pawn Game: Leonardis Variation,,e4
30,King's Pawn Game: Leonardis Variation,e4,e5
31,King's Pawn Game: Leonardis Variation,e4 e5,d3
32,King's Pawn Game: Leonardis Variation,e4 e5 d3,d6
33,King's Pawn Game: Leonardis Variation,e4 e5 d3 d6,Be3
34,King's Pawn Game: Leonardis Variation,e4 e5 d3 d6 Be3,c6
35,King's Pawn Game: Leonardis Variation,e4 e5 d3 d6 Be3 c6,Be2EQwkA7Za
36,King's Pawn Game: Leonardis Variation,e4 e5 d3 d6 Be3 c6 Be2,b5
37,King's Pawn Game: Leonardis Variation,e4 e5 d3 d6 Be3 c6 Be2 b5,Nd2
38,King's Pawn Game: Leonardis Variation,e4 e5 d3 d6 Be3 c6 Be2 b5 Nd2,a5
39,King's Pawn Game: Leonardis Variation,e4 e5 d3 d6 Be3 c6 Be2 b5 Nd2 a5,a4
40,King's Pawn Game: Leonardis Variation,e4 e5 d3 d6 Be3 c6 Be2 b5 Nd2 a5 a4,c5
41,King's Pawn Game: Leonardis Variation,e4 e5 d3 d6 Be3 c6 Be2 b5 Nd2 a5 a4 c5,axb5
42,King's Pawn Game: Leonardis Variation,e4 e5 d3 d6 Be3 c6 Be2 b5 Nd2 a5 a4 c5 axb5,Nc6
43,King's Pawn Game: Leonardis Variation,e4 e5 d3 d6 Be3 c6 Be2 b5 Nd2 a5 a4 c5 axb5 Nc6,bxc6
44,King's Pawn Game: Leonardis Variation,e4 e5 d3 d6 Be3 c6 Be2 b5 Nd2 a5 a4 c5 axb5 Nc6 bxc6,Ra6
45,King's Pawn Game: Leonardis Variation,e4 e5 d3 d6 Be3 c6 Be2 b5 Nd2 a5 a4 c5 axb5 Nc6 bxc6 Ra6,Nc4
46,King's Pawn Game: Leonardis Variation,e4 e5 d3 d6 Be3 c6 Be2 b5 Nd2 a5 a4 c5 axb5 Nc6 bxc6 Ra6 Nc4,a4
47,King's Pawn Game: Leonardis Variation,e4 e5 d3 d6 Be3 c6 Be2 b5 Nd2 a5 a4 c5 axb5 Nc6 bxc6 Ra6 Nc4 a4,c3
48,King's Pawn Game: Leonardis Variation,e4 e5 d3 d6 Be3 c6 Be2 b5 Nd2 a5 a4 c5 axb5 Nc6 bxc6 Ra6 Nc4 a4 c3,a3
49,King's Pawn Game: Leonardis Variation,e4 e5 d3 d6 Be3 c6 Be2 b5 Nd2 a5 a4 c5 axb5 Nc6 bxc6 Ra6 Nc4 a4 c3 a3,Nxa3
50,King's Pawn Game: Leonardis Variation,e4 e5 d3 d6 Be3 c6 Be2 b5 Nd2 a5 a4 c5 axb5 Nc6 bxc6 Ra6 Nc4 a4 c3 a3 Nxa3,Rxa3
51,King's Pawn Game: Leonardis Variation,e4 e5 d3 d6 Be3 c6 Be2 b5 Nd2 a5 a4 c5 axb5 Nc6 bxc6 Ra6 Nc4 a4 c3 a3 Nxa3 Rxa3,Rxa3
52,King's Pawn Game: Leonardis Variation,e4 e5 d3 d6 Be3 c6 Be2 b5 Nd2 a5 a4 c5 axb5 Nc6 bxc6 Ra6 Nc4 a4 c3 a3 Nxa3 Rxa3 Rxa3,c4
53,King's Pawn Game: Leonardis Variation,e4 e5 d3 d6 Be3 c6 Be2 b5 Nd2 a5 a4 c5 axb5 Nc6 bxc6 Ra6 Nc4 a4 c3 a3 Nxa3 Rxa3 Rxa3 c4,dxc4
54,King's Pawn Game: Leonardis Variation,e4 e5 d3 d6 Be3 c6 Be2 b5 Nd2 a5 a4 c5 axb5 Nc6 bxc6 Ra6 Nc4 a4 c3 a3 Nxa3 Rxa3 Rxa3 c4 dxc4,d5
55,King's Pawn Game: Leonardis Variation,e4 e5 d3 d6 Be3 c6 Be2 b5 Nd2 a5 a4 c5 axb5 Nc6 bxc6 Ra6 Nc4 a4 c3 a3 Nxa3 Rxa3 Rxa3 c4 dxc4 d5,cxd5
56,King's Pawn Game: Leonardis Variation,e4 e5 d3 d6 Be3 c6 Be2 b5 Nd2 a5 a4 c5 axb5 Nc6 bxc6 Ra6 Nc4 a4 c3 a3 Nxa3 Rxa3 Rxa3 c4 dxc4 d5 cxd5,Qxd5
57,King's Pawn Game: Leonardis Variation,e4 e5 d3 d6 Be3 c6 Be2 b5 Nd2 a5 a4 c5 axb5 Nc6 bxc6 Ra6 Nc4 a4 c3 a3 Nxa3 Rxa3 Rxa3 c4 dxc4 d5 cxd5 Qxd5,exd5
58,King's Pawn Game: Leonardis Variation,e4 e5 d3 d6 Be3 c6 Be2 b5 Nd2 a5 a4 c5 axb5 Nc6 bxc6 Ra6 Nc4 a4 c3 a3 Nxa3 Rxa3 Rxa3 c4 dxc4 d5 cxd5 Qxd5 exd5,Be6
59,King's Pawn Game: Leonardis Variation,e4 e5 d3 d6 Be3 c6 Be2 b5 Nd2 a5 a4 c5 axb5 Nc6 bxc6 Ra6 Nc4 a4 c3 a3 Nxa3 Rxa3 Rxa3 c4 dxc4 d5 cxd5 Qxd5 exd5 Be6,Ra8+
60,King's Pawn Game: Leonardis Variation,e4 e5 d3 d6 Be3 c6 Be2 b5 Nd2 a5 a4 c5 axb5 Nc6 bxc6 Ra6 Nc4 a4 c3 a3 Nxa3 Rxa3 Rxa3 c4 dxc4 d5 cxd5 Qxd5 exd5 Be6 Ra8+,Ke7
61,King's Pawn Game: Leonardis Variation,e4 e5 d3 d6 Be3 c6 Be2 b5 Nd2 a5 a4 c5 axb5 Nc6 bxc6 Ra6 Nc4 a4 c3 a3 Nxa3 Rxa3 Rxa3 c4 dxc4 d5 cxd5 Qxd5 exd5 Be6 Ra8+ Ke7,Bc5+
62,King's Pawn Game: Leonardis Variation,e4 e5 d3 d6 Be3 c6 Be2 b5 Nd2 a5 a4 c5 axb5 Nc6 bxc6 Ra6 Nc4 a4 c3 a3 Nxa3 Rxa3 Rxa3 c4 dxc4 d5 cxd5 Qxd5 exd5 Be6 Ra8+ Ke7 Bc5+,Kf6
63,King's Pawn Game: Leonardis Variation,e4 e5 d3 d6 Be3 c6 Be2 b5 Nd2 a5 a4 c5 axb5 Nc6 bxc6 Ra6 Nc4 a4 c3 a3 Nxa3 Rxa3 Rxa3 c4 dxc4 d5 cxd5 Qxd5 exd5 Be6 Ra8+ Ke7 Bc5+ Kf6,Bxf8
64,King's Pawn Game: Leonardis Variation,e4 e5 d3 d6 Be3 c6 Be2 b5 Nd2 a5 a4 c5 axb5 Nc6 bxc6 Ra6 Nc4 a4 c3 a3 Nxa3 Rxa3 Rxa3 c4 dxc4 d5 cxd5 Qxd5 exd5 Be6 Ra8+ Ke7 Bc5+ Kf6 Bxf8,Kg6
65,King's Pawn Game: Leonardis Variation,e4 e5 d3 d6 Be3 c6 Be2 b5 Nd2 a5 a4 c5 axb5 Nc6 bxc6 Ra6 Nc4 a4 c3 a3 Nxa3 Rxa3 Rxa3 c4 dxc4 d5 cxd5 Qxd5 exd5 Be6 Ra8+ Ke7 Bc5+ Kf6 Bxf8 Kg6,Bxg7
66,King's Pawn Game: Leonardis Variation,e4 e5 d3 d6 Be3 c6 Be2 b5 Nd2 a5 a4 c5 axb5 Nc6 bxc6 Ra6 Nc4 a4 c3 a3 Nxa3 Rxa3 Rxa3 c4 dxc4 d5 cxd5 Qxd5 exd5 Be6 Ra8+ Ke7 Bc5+ Kf6 Bxf8 Kg6 Bxg7,Kxg7
67,King's Pawn Game: Leonardis Variation,e4 e5 d3 d6 Be3 c6 Be2 b5 Nd2 a5 a4 c5 axb5 Nc6 bxc6 Ra6 Nc4 a4 c3 a3 Nxa3 Rxa3 Rxa3 c4 dxc4 d5 cxd5 Qxd5 exd5 Be6 Ra8+ Ke7 Bc5+ Kf6 Bxf8 Kg6 Bxg7 Kxg7,dxe6
68,King's Pawn Game: Leonardis Variation,e4 e5 d3 d6 Be3 c6 Be2 b5 Nd2 a5 a4 c5 axb5 Nc6 bxc6 Ra6 Nc4 a4 c3 a3 Nxa3 Rxa3 Rxa3 c4 dxc4 d5 cxd5 Qxd5 exd5 Be6 Ra8+ Ke7 Bc5+ Kf6 Bxf8 Kg6 Bxg7 Kxg7 dxe6,Kh6
69,King's Pawn Game: Leonardis Variation,e4 e5 d3 d6 Be3 c6 Be2 b5 Nd2 a5 a4 c5 axb5 Nc6 bxc6 Ra6 Nc4 a4 c3 a3 Nxa3 Rxa3 Rxa3 c4 dxc4 d5 cxd5 Qxd5 exd5 Be6 Ra8+ Ke7 Bc5+ Kf6 Bxf8 Kg6 Bxg7 Kxg7 dxe6 Kh6,exf7
70,King's Pawn Game: Leonardis Variation,e4 e5 d3 d6 Be3 c6 Be2 b5 Nd2 a5 a4 c5 axb5 Nc6 bxc6 Ra6 Nc4 a4 c3 a3 Nxa3 Rxa3 Rxa3 c4 dxc4 d5 cxd5 Qxd5 exd5 Be6 Ra8+ Ke7 Bc5+ Kf6 Bxf8 Kg6 Bxg7 Kxg7 dxe6 Kh6 exf7,Nf6
71,King's Pawn Game: Leonardis Variation,e4 e5 d3 d6 Be3 c6 Be2 b5 Nd2 a5 a4 c5 axb5 Nc6 bxc6 Ra6 Nc4 a4 c3 a3 Nxa3 Rxa3 Rxa3 c4 dxc4 d5 cxd5 Qxd5 exd5 Be6 Ra8+ Ke7 Bc5+ Kf6 Bxf8 Kg6 Bxg7 Kxg7 dxe6 Kh6 exf7 Nf6,Rxh8
72,King's Pawn Game: Leonardis Variation,e4 e5 d3 d6 Be3 c6 Be2 b5 Nd2 a5 a4 c5 axb5 Nc6 bxc6 Ra6 Nc4 a4 c3 a3 Nxa3 Rxa3 Rxa3 c4 dxc4 d5 cxd5 Qxd5 exd5 Be6 Ra8+ Ke7 Bc5+ Kf6 Bxf8 Kg6 Bxg7 Kxg7 dxe6 Kh6 exf7 Nf6 Rxh8,Nh5
73,King's Pawn Game: Leonardis Variation,e4 e5 d3 d6 Be3 c6 Be2 b5 Nd2 a5 a4 c5 axb5 Nc6 bxc6 Ra6 Nc4 a4 c3 a3 Nxa3 Rxa3 Rxa3 c4 dxc4 d5 cxd5 Qxd5 exd5 Be6 Ra8+ Ke7 Bc5+ Kf6 Bxf8 Kg6 Bxg7 Kxg7 dxe6 Kh6 exf7 Nf6 Rxh8 Nh5,Bxh5
74,King's Pawn Game: Leonardis Variation,e4 e5 d3 d6 Be3 c6 Be2 b5 Nd2 a5 a4 c5 axb5 Nc6 bxc6 Ra6 Nc4 a4 c3 a3 Nxa3 Rxa3 Rxa3 c4 dxc4 d5 cxd5 Qxd5 exd5 Be6 Ra8+ Ke7 Bc5+ Kf6 Bxf8 Kg6 Bxg7 Kxg7 dxe6 Kh6 exf7 Nf6 Rxh8 Nh5 Bxh5,Kg5
75,King's Pawn Game: Leonardis Variation,e4 e5 d3 d6 Be3 c6 Be2 b5 Nd2 a5 a4 c5 axb5 Nc6 bxc6 Ra6 Nc4 a4 c3 a3 Nxa3 Rxa3 Rxa3 c4 dxc4 d5 cxd5 Qxd5 exd5 Be6 Ra8+ Ke7 Bc5+ Kf6 Bxf8 Kg6 Bxg7 Kxg7 dxe6 Kh6 exf7 Nf6 Rxh8 Nh5 Bxh5 Kg5,Rxh7
76,King's Pawn Game: Leonardis Variation,e4 e5 d3 d6 Be3 c6 Be2 b5 Nd2 a5 a4 c5 axb5 Nc6 bxc6 Ra6 Nc4 a4 c3 a3 Nxa3 Rxa3 Rxa3 c4 dxc4 d5 cxd5 Qxd5 exd5 Be6 Ra8+ Ke7 Bc5+ Kf6 Bxf8 Kg6 Bxg7 Kxg7 dxe6 Kh6 exf7 Nf6 Rxh8 Nh5 Bxh5 Kg5 Rxh7,Kf5
77,King's Pawn Game: Leonardis Variation,e4 e5 d3 d6 Be3 c6 Be2 b5 Nd2 a5 a4 c5 axb5 Nc6 bxc6 Ra6 Nc4 a4 c3 a3 Nxa3 Rxa3 Rxa3 c4 dxc4 d5 cxd5 Qxd5 exd5 Be6 Ra8+ Ke7 Bc5+ Kf6 Bxf8 Kg6 Bxg7 Kxg7 dxe6 Kh6 exf7 Nf6 Rxh8 Nh5 Bxh5 Kg5 Rxh7 Kf5,Qf3+
78,King's Pawn Game: Leonardis Variation,e4 e5 d3 d6 Be3 c6 Be2 b5 Nd2 a5 a4 c5 axb5 Nc6 bxc6 Ra6 Nc4 a4 c3 a3 Nxa3 Rxa3 Rxa3 c4 dxc4 d5 cxd5 Qxd5 exd5 Be6 Ra8+ Ke7 Bc5+ Kf6 Bxf8 Kg6 Bxg7 Kxg7 dxe6 Kh6 exf7 Nf6 Rxh8 Nh5 Bxh5 Kg5 Rxh7 Kf5 Qf3+,Ke6
79,King's Pawn Game: Leonardis Variation,e4 e5 d3 d6 Be3 c6 Be2 b5 Nd2 a5 a4 c5 axb5 Nc6 bxc6 Ra6 Nc4 a4 c3 a3 Nxa3 Rxa3 Rxa3 c4 dxc4 d5 cxd5 Qxd5 exd5 Be6 Ra8+ Ke7 Bc5+ Kf6 Bxf8 Kg6 Bxg7 Kxg7 dxe6 Kh6 exf7 Nf6 Rxh8 Nh5 Bxh5 Kg5 Rxh7 Kf5 Qf3+ Ke6,Bg4+
80,King's Pawn Game: Leonardis Variation,e4 e5 d3 d6 Be3 c6 Be2 b5 Nd2 a5 a4 c5 axb5 Nc6 bxc6 Ra6 Nc4 a4 c3 a3 Nxa3 Rxa3 Rxa3 c4 dxc4 d5 cxd5 Qxd5 exd5 Be6 Ra8+ Ke7 Bc5+ Kf6 Bxf8 Kg6 Bxg7 Kxg7 dxe6 Kh6 exf7 Nf6 Rxh8 Nh5 Bxh5 Kg5 Rxh7 Kf5 Qf3+ Ke6 Bg4+,Kd6
81,King's Pawn Game: Leonardis Variation,e4 e5 d3 d6 Be3 c6 Be2 b5 Nd2 a5 a4 c5 axb5 Nc6 bxc6 Ra6 Nc4 a4 c3 a3 Nxa3 Rxa3 Rxa3 c4 dxc4 d5 cxd5 Qxd5 exd5 Be6 Ra8+ Ke7 Bc5+ Kf6 Bxf8 Kg6 Bxg7 Kxg7 dxe6 Kh6 exf7 Nf6 Rxh8 Nh5 Bxh5 Kg5 Rxh7 Kf5 Qf3+ Ke6 Bg4+ Kd6,Rh6+
82,King's Pawn Game: Leonardis Variation,e4 e5 d3 d6 Be3 c6 Be2 b5 Nd2 a5 a4 c5 axb5 Nc6 bxc6 Ra6 Nc4 a4 c3 a3 Nxa3 Rxa3 Rxa3 c4 dxc4 d5 cxd5 Qxd5 exd5 Be6 Ra8+ Ke7 Bc5+ Kf6 Bxf8 Kg6 Bxg7 Kxg7 dxe6 Kh6 exf7 Nf6 Rxh8 Nh5 Bxh5 Kg5 Rxh7 Kf5 Qf3+ Ke6 Bg4+ Kd6 Rh6+,Kc5
83,King's Pawn Game: Leonardis Variation,e4 e5 d3 d6 Be3 c6 Be2 b5 Nd2 a5 a4 c5 axb5 Nc6 bxc6 Ra6 Nc4 a4 c3 a3 Nxa3 Rxa3 Rxa3 c4 dxc4 d5 cxd5 Qxd5 exd5 Be6 Ra8+ Ke7 Bc5+ Kf6 Bxf8 Kg6 Bxg7 Kxg7 dxe6 Kh6 exf7 Nf6 Rxh8 Nh5 Bxh5 Kg5 Rxh7 Kf5 Qf3+ Ke6 Bg4+ Kd6 Rh6+ Kc5,Qe3+
84,King's Pawn Game: Leonardis Variation,e4 e5 d3 d6 Be3 c6 Be2 b5 Nd2 a5 a4 c5 axb5 Nc6 bxc6 Ra6 Nc4 a4 c3 a3 Nxa3 Rxa3 Rxa3 c4 dxc4 d5 cxd5 Qxd5 exd5 Be6 Ra8+ Ke7 Bc5+ Kf6 Bxf8 Kg6 Bxg7 Kxg7 dxe6 Kh6 exf7 Nf6 Rxh8 Nh5 Bxh5 Kg5 Rxh7 Kf5 Qf3+ Ke6 Bg4+ Kd6 Rh6+ Kc5 Qe3+,Kb5
85,King's Pawn Game: Leonardis Variation,e4 e5 d3 d6 Be3 c6 Be2 b5 Nd2 a5 a4 c5 axb5 Nc6 bxc6 Ra6 Nc4 a4 c3 a3 Nxa3 Rxa3 Rxa3 c4 dxc4 d5 cxd5 Qxd5 exd5 Be6 Ra8+ Ke7 Bc5+ Kf6 Bxf8 Kg6 Bxg7 Kxg7 dxe6 Kh6 exf7 Nf6 Rxh8 Nh5 Bxh5 Kg5 Rxh7 Kf5 Qf3+ Ke6 Bg4+ Kd6 Rh6+ Kc5 Qe3+ Kb5,c4+
86,King's Pawn Game: Leonardis Variation,e4 e5 d3 d6 Be3 c6 Be2 b5 Nd2 a5 a4 c5 axb5 Nc6 bxc6 Ra6 Nc4 a4 c3 a3 Nxa3 Rxa3 Rxa3 c4 dxc4 d5 cxd5 Qxd5 exd5 Be6 Ra8+ Ke7 Bc5+ Kf6 Bxf8 Kg6 Bxg7 Kxg7 dxe6 Kh6 exf7 Nf6 Rxh8 Nh5 Bxh5 Kg5 Rxh7 Kf5 Qf3+ Ke6 Bg4+ Kd6 Rh6+ Kc5 Qe3+ Kb5 c4+,Kb4
87,King's Pawn Game: Leonardis Variation,e4 e5 d3 d6 Be3 c6 Be2 b5 Nd2 a5 a4 c5 axb5 Nc6 bxc6 Ra6 Nc4 a4 c3 a3 Nxa3 Rxa3 Rxa3 c4 dxc4 d5 cxd5 Qxd5 exd5 Be6 Ra8+ Ke7 Bc5+ Kf6 Bxf8 Kg6 Bxg7 Kxg7 dxe6 Kh6 exf7 Nf6 Rxh8 Nh5 Bxh5 Kg5 Rxh7 Kf5 Qf3+ Ke6 Bg4+ Kd6 Rh6+ Kc5 Qe3+ Kb5 c4+ Kb4,Qc3+
88,King's Pawn Game: Leonardis Variation,e4 e5 d3 d6 Be3 c6 Be2 b5 Nd2 a5 a4 c5 axb5 Nc6 bxc6 Ra6 Nc4 a4 c3 a3 Nxa3 Rxa3 Rxa3 c4 dxc4 d5 cxd5 Qxd5 exd5 Be6 Ra8+ Ke7 Bc5+ Kf6 Bxf8 Kg6 Bxg7 Kxg7 dxe6 Kh6 exf7 Nf6 Rxh8 Nh5 Bxh5 Kg5 Rxh7 Kf5 Qf3+ Ke6 Bg4+ Kd6 Rh6+ Kc5 Qe3+ Kb5 c4+ Kb4 Qc3+,Ka4
89,King's Pawn Game: Leonardis Variation,e4 e5 d3 d6 Be3 c6 Be2 b5 Nd2 a5 a4 c5 axb5 Nc6 bxc6 Ra6 Nc4 a4 c3 a3 Nxa3 Rxa3 Rxa3 c4 dxc4 d5 cxd5 Qxd5 exd5 Be6 Ra8+ Ke7 Bc5+ Kf6 Bxf8 Kg6 Bxg7 Kxg7 dxe6 Kh6 exf7 Nf6 Rxh8 Nh5 Bxh5 Kg5 Rxh7 Kf5 Qf3+ Ke6 Bg4+ Kd6 Rh6+ Kc5 Qe3+ Kb5 c4+ Kb4 Qc3+ Ka4,Bd1#
90,Queen's Pawn Game: Zukertort Variation,,d4
91,Queen's Pawn Game: Zukertort Variation,d4,d5
92,Queen's Pawn Game: Zukertort Variation,d4 d5,Nf3
93,Queen's Pawn Game: Zukertort Variation,d4 d5 Nf3,Bf5
94,Queen's Pawn Game: Zukertort Variation,d4 d5 Nf3 Bf5,Nc3
95,Queen's Pawn Game: Zukertort Variation,d4 d5 Nf3 Bf5 Nc3,Nf6
96,Queen's Pawn Game: Zukertort Variation,d4 d5 Nf3 Bf5 Nc3 Nf6,Bf4
97,Queen's Pawn Game: Zukertort Variation,d4 d5 Nf3 Bf5 Nc3 Nf6 Bf4,Ng4
98,Queen's Pawn Game: Zukertort Variation,d4 d5 Nf3 Bf5 Nc3 Nf6 Bf4 Ng4,e3
99,Queen's Pawn Game: Zukertort Variation,d4 d5 Nf3 Bf5 Nc3 Nf6 Bf4 Ng4 e3,Nc6
100,Queen's Pawn Game: Zukertort Variation,d4 d5 Nf3 Bf5 Nc3 Nf6 Bf4 Ng4 e3 Nc6,Be2
101,Queen's Pawn Game: Zukertort Variation,d4 d5 Nf3 Bf5 Nc3 Nf6 Bf4 Ng4 e3 Nc6 Be2,Qd7
102,Queen's Pawn Game: Zukertort Variation,d4 d5 Nf3 Bf5 Nc3 Nf6 Bf4 Ng4 e3 Nc6 Be2 Qd7,O-O
103,Queen's Pawn Game: Zukertort Variation,d4 d5 Nf3 Bf5 Nc3 Nf6 Bf4 Ng4 e3 Nc6 Be2 Qd7 O-O,O-O-O
104,Queen's Pawn Game: Zukertort Variation,d4 d5 Nf3 Bf5 Nc3 Nf6 Bf4 Ng4 e3 Nc6 Be2 Qd7 O-O O-O-O,Nb5
105,Queen's Pawn Game: Zukertort Variation,d4 d5 Nf3 Bf5 Nc3 Nf6 Bf4 Ng4 e3 Nc6 Be2 Qd7 O-O O-O-O Nb5,Nb4
106,Queen's Pawn Game: Zukertort Variation,d4 d5 Nf3 Bf5 Nc3 Nf6 Bf4 Ng4 e3 Nc6 Be2 Qd7 O-O O-O-O Nb5 Nb4,Rc1
107,Queen's Pawn Game: Zukertort Variation,d4 d5 Nf3 Bf5 Nc3 Nf6 Bf4 Ng4 e3 Nc6 Be2 Qd7 O-O O-O-O Nb5 Nb4 Rc1,Nxa2
108,Queen's Pawn Game: Zukertort Variation,d4 d5 Nf3 Bf5 Nc3 Nf6 Bf4 Ng4 e3 Nc6 Be2 Qd7 O-O O-O-O Nb5 Nb4 Rc1 Nxa2,Ra1
109,Queen's Pawn Game: Zukertort Variation,d4 d5 Nf3 Bf5 Nc3 Nf6 Bf4 Ng4 e3 Nc6 Be2 Qd7 O-O O-O-O Nb5 Nb4 Rc1 Nxa2 Ra1,Nb4
110,Queen's Pawn Game: Zukertort Variation,d4 d5 Nf3 Bf5 Nc3 Nf6 Bf4 Ng4 e3 Nc6 Be2 Qd7 O-O O-O-O Nb5 Nb4 Rc1 Nxa2 Ra1 Nb4,Nxa7+
111,Queen's Pawn Game: Zukertort Variation,d4 d5 Nf3 Bf5 Nc3 Nf6 Bf4 Ng4 e3 Nc6 Be2 Qd7 O-O O-O-O Nb5 Nb4 Rc1 Nxa2 Ra1 Nb4 Nxa7+,Kb8
112,Queen's Pawn Game: Zukertort Variation,d4 d5 Nf3 Bf5 Nc3 Nf6 Bf4 Ng4 e3 Nc6 Be2 Qd7 O-O O-O-O Nb5 Nb4 Rc1 Nxa2 Ra1 Nb4 Nxa7+ Kb8,Nb5
113,Queen's Pawn Game: Zukertort Variation,d4 d5 Nf3 Bf5 Nc3 Nf6 Bf4 Ng4 e3 Nc6 Be2 Qd7 O-O O-O-O Nb5 Nb4 Rc1 Nxa2 Ra1 Nb4 Nxa7+ Kb8 Nb5,Bxc2
114,Queen's Pawn Game: Zukertort Variation,d4 d5 Nf3 Bf5 Nc3 Nf6 Bf4 Ng4 e3 Nc6 Be2 Qd7 O-O O-O-O Nb5 Nb4 Rc1 Nxa2 Ra1 Nb4 Nxa7+ Kb8 Nb5 Bxc2,Bxc7+
115,Queen's Pawn Game: Zukertort Variation,d4 d5 Nf3 Bf5 Nc3 Nf6 Bf4 Ng4 e3 Nc6 Be2 Qd7 O-O O-O-O Nb5 Nb4 Rc1 Nxa2 Ra1 Nb4 Nxa7+ Kb8 Nb5 Bxc2 Bxc7+,Kc8
116,Queen's Pawn Game: Zukertort Variation,d4 d5 Nf3 Bf5 Nc3 Nf6 Bf4 Ng4 e3 Nc6 Be2 Qd7 O-O O-O-O Nb5 Nb4 Rc1 Nxa2 Ra1 Nb4 Nxa7+ Kb8 Nb5 Bxc2 Bxc7+ Kc8,Qd2
117,Queen's Pawn Game: Zukertort Variation,d4 d5 Nf3 Bf5 Nc3 Nf6 Bf4 Ng4 e3 Nc6 Be2 Qd7 O-O O-O-O Nb5 Nb4 Rc1 Nxa2 Ra1 Nb4 Nxa7+ Kb8 Nb5 Bxc2 Bxc7+ Kc8 Qd2,Qc6
118,Queen's Pawn Game: Zukertort Variation,d4 d5 Nf3 Bf5 Nc3 Nf6 Bf4 Ng4 e3 Nc6 Be2 Qd7 O-O O-O-O Nb5 Nb4 Rc1 Nxa2 Ra1 Nb4 Nxa7+ Kb8 Nb5 Bxc2 Bxc7+ Kc8 Qd2 Qc6,Na7+
119,Queen's Pawn Game: Zukertort Variation,d4 d5 Nf3 Bf5 Nc3 Nf6 Bf4 Ng4 e3 Nc6 Be2 Qd7 O-O O-O-O Nb5 Nb4 Rc1 Nxa2 Ra1 Nb4 Nxa7+ Kb8 Nb5 Bxc2 Bxc7+ Kc8 Qd2 Qc6 Na7+,Kd7
120,Queen's Pawn Game: Zukertort Variation,d4 d5 Nf3 Bf5 Nc3 Nf6 Bf4 Ng4 e3 Nc6 Be2 Qd7 O-O O-O-O Nb5 Nb4 Rc1 Nxa2 Ra1 Nb4 Nxa7+ Kb8 Nb5 Bxc2 Bxc7+ Kc8 Qd2 Qc6 Na7+ Kd7,Nxc6
121,Queen's Pawn Game: Zukertort Variation,d4 d5 Nf3 Bf5 Nc3 Nf6 Bf4 Ng4 e3 Nc6 Be2 Qd7 O-O O-O-O Nb5 Nb4 Rc1 Nxa2 Ra1 Nb4 Nxa7+ Kb8 Nb5 Bxc2 Bxc7+ Kc8 Qd2 Qc6 Na7+ Kd7 Nxc6,bxc6
122,Queen's Pawn Game: Zukertort Variation,d4 d5 Nf3 Bf5 Nc3 Nf6 Bf4 Ng4 e3 Nc6 Be2 Qd7 O-O O-O-O Nb5 Nb4 Rc1 Nxa2 Ra1 Nb4 Nxa7+ Kb8 Nb5 Bxc2 Bxc7+ Kc8 Qd2 Qc6 Na7+ Kd7 Nxc6 bxc6,Bxd8
123,Queen's Pawn Game: Zukertort Variation,d4 d5 Nf3 Bf5 Nc3 Nf6 Bf4 Ng4 e3 Nc6 Be2 Qd7 O-O O-O-O Nb5 Nb4 Rc1 Nxa2 Ra1 Nb4 Nxa7+ Kb8 Nb5 Bxc2 Bxc7+ Kc8 Qd2 Qc6 Na7+ Kd7 Nxc6 bxc6 Bxd8,Kxd8
124,Queen's Pawn Game: Zukertort Variation,d4 d5 Nf3 Bf5 Nc3 Nf6 Bf4 Ng4 e3 Nc6 Be2 Qd7 O-O O-O-O Nb5 Nb4 Rc1 Nxa2 Ra1 Nb4 Nxa7+ Kb8 Nb5 Bxc2 Bxc7+ Kc8 Qd2 Qc6 Na7+ Kd7 Nxc6 bxc6 Bxd8 Kxd8,Qxb4
125,Queen's Pawn Game: Zukertort Variation,d4 d5 Nf3 Bf5 Nc3 Nf6 Bf4 Ng4 e3 Nc6 Be2 Qd7 O-O O-O-O Nb5 Nb4 Rc1 Nxa2 Ra1 Nb4 Nxa7+ Kb8 Nb5 Bxc2 Bxc7+ Kc8 Qd2 Qc6 Na7+ Kd7 Nxc6 bxc6 Bxd8 Kxd8 Qxb4,e5
126,Queen's Pawn Game: Zukertort Variation,d4 d5 Nf3 Bf5 Nc3 Nf6 Bf4 Ng4 e3 Nc6 Be2 Qd7 O-O O-O-O Nb5 Nb4 Rc1 Nxa2 Ra1 Nb4 Nxa7+ Kb8 Nb5 Bxc2 Bxc7+ Kc8 Qd2 Qc6 Na7+ Kd7 Nxc6 bxc6 Bxd8 Kxd8 Qxb4 e5,Qb8+
127,Queen's Pawn Game: Zukertort Variation,d4 d5 Nf3 Bf5 Nc3 Nf6 Bf4 Ng4 e3 Nc6 Be2 Qd7 O-O O-O-O Nb5 Nb4 Rc1 Nxa2 Ra1 Nb4 Nxa7+ Kb8 Nb5 Bxc2 Bxc7+ Kc8 Qd2 Qc6 Na7+ Kd7 Nxc6 bxc6 Bxd8 Kxd8 Qxb4 e5 Qb8+,Ke7
128,Queen's Pawn Game: Zukertort Variation,d4 d5 Nf3 Bf5 Nc3 Nf6 Bf4 Ng4 e3 Nc6 Be2 Qd7 O-O O-O-O Nb5 Nb4 Rc1 Nxa2 Ra1 Nb4 Nxa7+ Kb8 Nb5 Bxc2 Bxc7+ Kc8 Qd2 Qc6 Na7+ Kd7 Nxc6 bxc6 Bxd8 Kxd8 Qxb4 e5 Qb8+ Ke7,dxe5
129,Queen's Pawn Game: Zukertort Variation,d4 d5 Nf3 Bf5 Nc3 Nf6 Bf4 Ng4 e3 Nc6 Be2 Qd7 O-O O-O-O Nb5 Nb4 Rc1 Nxa2 Ra1 Nb4 Nxa7+ Kb8 Nb5 Bxc2 Bxc7+ Kc8 Qd2 Qc6 Na7+ Kd7 Nxc6 bxc6 Bxd8 Kxd8 Qxb4 e5 Qb8+ Ke7 dxe5,Be4
130,Queen's Pawn Game: Zukertort Variation,d4 d5 Nf3 Bf5 Nc3 Nf6 Bf4 Ng4 e3 Nc6 Be2 Qd7 O-O O-O-O Nb5 Nb4 Rc1 Nxa2 Ra1 Nb4 Nxa7+ Kb8 Nb5 Bxc2 Bxc7+ Kc8 Qd2 Qc6 Na7+ Kd7 Nxc6 bxc6 Bxd8 Kxd8 Qxb4 e5 Qb8+ Ke7 dxe5 Be4,Ra7+
131,Queen's Pawn Game: Zukertort Variation,d4 d5 Nf3 Bf5 Nc3 Nf6 Bf4 Ng4 e3 Nc6 Be2 Qd7 O-O O-O-O Nb5 Nb4 Rc1 Nxa2 Ra1 Nb4 Nxa7+ Kb8 Nb5 Bxc2 Bxc7+ Kc8 Qd2 Qc6 Na7+ Kd7 Nxc6 bxc6 Bxd8 Kxd8 Qxb4 e5 Qb8+ Ke7 dxe5 Be4 Ra7+,Ke6
132,Queen's Pawn Game: Zukertort Variation,d4 d5 Nf3 Bf5 Nc3 Nf6 Bf4 Ng4 e3 Nc6 Be2 Qd7 O-O O-O-O Nb5 Nb4 Rc1 Nxa2 Ra1 Nb4 Nxa7+ Kb8 Nb5 Bxc2 Bxc7+ Kc8 Qd2 Qc6 Na7+ Kd7 Nxc6 bxc6 Bxd8 Kxd8 Qxb4 e5 Qb8+ Ke7 dxe5 Be4 Ra7+ Ke6,Qe8+
133,Queen's Pawn Game: Zukertort Variation,d4 d5 Nf3 Bf5 Nc3 Nf6 Bf4 Ng4 e3 Nc6 Be2 Qd7 O-O O-O-O Nb5 Nb4 Rc1 Nxa2 Ra1 Nb4 Nxa7+ Kb8 Nb5 Bxc2 Bxc7+ Kc8 Qd2 Qc6 Na7+ Kd7 Nxc6 bxc6 Bxd8 Kxd8 Qxb4 e5 Qb8+ Ke7 dxe5 Be4 Ra7+ Ke6 Qe8+,Kf5
134,Queen's Pawn Game: Zukertort Variation,d4 d5 Nf3 Bf5 Nc3 Nf6 Bf4 Ng4 e3 Nc6 Be2 Qd7 O-O O-O-O Nb5 Nb4 Rc1 Nxa2 Ra1 Nb4 Nxa7+ Kb8 Nb5 Bxc2 Bxc7+ Kc8 Qd2 Qc6 Na7+ Kd7 Nxc6 bxc6 Bxd8 Kxd8 Qxb4 e5 Qb8+ Ke7 dxe5 Be4 Ra7+ Ke6 Qe8+ Kf5,Qxf7+
135,Queen's Pawn Game: Zukertort Variation,d4 d5 Nf3 Bf5 Nc3 Nf6 Bf4 Ng4 e3 Nc6 Be2 Qd7 O-O O-O-O Nb5 Nb4 Rc1 Nxa2 Ra1 Nb4 Nxa7+ Kb8 Nb5 Bxc2 Bxc7+ Kc8 Qd2 Qc6 Na7+ Kd7 Nxc6 bxc6 Bxd8 Kxd8 Qxb4 e5 Qb8+ Ke7 dxe5 Be4 Ra7+ Ke6 Qe8+ Kf5 Qxf7+,Nf6
136,Queen's Pawn Game: Zukertort Variation,d4 d5 Nf3 Bf5 Nc3 Nf6 Bf4 Ng4 e3 Nc6 Be2 Qd7 O-O O-O-O Nb5 Nb4 Rc1 Nxa2 Ra1 Nb4 Nxa7+ Kb8 Nb5 Bxc2 Bxc7+ Kc8 Qd2 Qc6 Na7+ Kd7 Nxc6 bxc6 Bxd8 Kxd8 Qxb4 e5 Qb8+ Ke7 dxe5 Be4 Ra7+ Ke6 Qe8+ Kf5 Qxf7+ Nf6,Nh4+
137,Queen's Pawn Game: Zukertort Variation,d4 d5 Nf3 Bf5 Nc3 Nf6 Bf4 Ng4 e3 Nc6 Be2 Qd7 O-O O-O-O Nb5 Nb4 Rc1 Nxa2 Ra1 Nb4 Nxa7+ Kb8 Nb5 Bxc2 Bxc7+ Kc8 Qd2 Qc6 Na7+ Kd7 Nxc6 bxc6 Bxd8 Kxd8 Qxb4 e5 Qb8+ Ke7 dxe5 Be4 Ra7+ Ke6 Qe8+ Kf5 Qxf7+ Nf6 Nh4+,Kg5
138,Queen's Pawn Game: Zukertort Variation,d4 d5 Nf3 Bf5 Nc3 Nf6 Bf4 Ng4 e3 Nc6 Be2 Qd7 O-O O-O-O Nb5 Nb4 Rc1 Nxa2 Ra1 Nb4 Nxa7+ Kb8 Nb5 Bxc2 Bxc7+ Kc8 Qd2 Qc6 Na7+ Kd7 Nxc6 bxc6 Bxd8 Kxd8 Qxb4 e5 Qb8+ Ke7 dxe5 Be4 Ra7+ Ke6 Qe8+ Kf5 Qxf7+ Nf6 Nh4+ Kg5,g3
139,Queen's Pawn Game: Zukertort Variation,d4 d5 Nf3 Bf5 Nc3 Nf6 Bf4 Ng4 e3 Nc6 Be2 Qd7 O-O O-O-O Nb5 Nb4 Rc1 Nxa2 Ra1 Nb4 Nxa7+ Kb8 Nb5 Bxc2 Bxc7+ Kc8 Qd2 Qc6 Na7+ Kd7 Nxc6 bxc6 Bxd8 Kxd8 Qxb4 e5 Qb8+ Ke7 dxe5 Be4 Ra7+ Ke6 Qe8+ Kf5 Qxf7+ Nf6 Nh4+ Kg5 g3,Ng4
140,Queen's Pawn Game: Zukertort Variation,d4 d5 Nf3 Bf5 Nc3 Nf6 Bf4 Ng4 e3 Nc6 Be2 Qd7 O-O O-O-O Nb5 Nb4 Rc1 Nxa2 Ra1 Nb4 Nxa7+ Kb8 Nb5 Bxc2 Bxc7+ Kc8 Qd2 Qc6 Na7+ Kd7 Nxc6 bxc6 Bxd8 Kxd8 Qxb4 e5 Qb8+ Ke7 dxe5 Be4 Ra7+ Ke6 Qe8+ Kf5 Qxf7+ Nf6 Nh4+ Kg5 g3 Ng4,Qf4+
141,Queen's Pawn Game: Zukertort Variation,d4 d5 Nf3 Bf5 Nc3 Nf6 Bf4 Ng4 e3 Nc6 Be2 Qd7 O-O O-O-O Nb5 Nb4 Rc1 Nxa2 Ra1 Nb4 Nxa7+ Kb8 Nb5 Bxc2 Bxc7+ Kc8 Qd2 Qc6 Na7+ Kd7 Nxc6 bxc6 Bxd8 Kxd8 Qxb4 e5 Qb8+ Ke7 dxe5 Be4 Ra7+ Ke6 Qe8+ Kf5 Qxf7+ Nf6 Nh4+ Kg5 g3 Ng4 Qf4+,Kh5
142,Queen's Pawn Game: Zukertort Variation,d4 d5 Nf3 Bf5 Nc3 Nf6 Bf4 Ng4 e3 Nc6 Be2 Qd7 O-O O-O-O Nb5 Nb4 Rc1 Nxa2 Ra1 Nb4 Nxa7+ Kb8 Nb5 Bxc2 Bxc7+ Kc8 Qd2 Qc6 Na7+ Kd7 Nxc6 bxc6 Bxd8 Kxd8 Qxb4 e5 Qb8+ Ke7 dxe5 Be4 Ra7+ Ke6 Qe8+ Kf5 Qxf7+ Nf6 Nh4+ Kg5 g3 Ng4 Qf4+ Kh5,Qxg4+
143,Queen's Pawn Game: Zukertort Variation,d4 d5 Nf3 Bf5 Nc3 Nf6 Bf4 Ng4 e3 Nc6 Be2 Qd7 O-O O-O-O Nb5 Nb4 Rc1 Nxa2 Ra1 Nb4 Nxa7+ Kb8 Nb5 Bxc2 Bxc7+ Kc8 Qd2 Qc6 Na7+ Kd7 Nxc6 bxc6 Bxd8 Kxd8 Qxb4 e5 Qb8+ Ke7 dxe5 Be4 Ra7+ Ke6 Qe8+ Kf5 Qxf7+ Nf6 Nh4+ Kg5 g3 Ng4 Qf4+ Kh5 Qxg4+,Kh6
144,Queen's Pawn Game: Zukertort Variation,d4 d5 Nf3 Bf5 Nc3 Nf6 Bf4 Ng4 e3 Nc6 Be2 Qd7 O-O O-O-O Nb5 Nb4 Rc1 Nxa2 Ra1 Nb4 Nxa7+ Kb8 Nb5 Bxc2 Bxc7+ Kc8 Qd2 Qc6 Na7+ Kd7 Nxc6 bxc6 Bxd8 Kxd8 Qxb4 e5 Qb8+ Ke7 dxe5 Be4 Ra7+ Ke6 Qe8+ Kf5 Qxf7+ Nf6 Nh4+ Kg5 g3 Ng4 Qf4+ Kh5 Qxg4+ Kh6,Qf4+
145,Queen's Pawn Game: Zukertort Variation,d4 d5 Nf3 Bf5 Nc3 Nf6 Bf4 Ng4 e3 Nc6 Be2 Qd7 O-O O-O-O Nb5 Nb4 Rc1 Nxa2 Ra1 Nb4 Nxa7+ Kb8 Nb5 Bxc2 Bxc7+ Kc8 Qd2 Qc6 Na7+ Kd7 Nxc6 bxc6 Bxd8 Kxd8 Qxb4 e5 Qb8+ Ke7 dxe5 Be4 Ra7+ Ke6 Qe8+ Kf5 Qxf7+ Nf6 Nh4+ Kg5 g3 Ng4 Qf4+ Kh5 Qxg4+ Kh6 Qf4+,g5
146,Queen's Pawn Game: Zukertort Variation,d4 d5 Nf3 Bf5 Nc3 Nf6 Bf4 Ng4 e3 Nc6 Be2 Qd7 O-O O-O-O Nb5 Nb4 Rc1 Nxa2 Ra1 Nb4 Nxa7+ Kb8 Nb5 Bxc2 Bxc7+ Kc8 Qd2 Qc6 Na7+ Kd7 Nxc6 bxc6 Bxd8 Kxd8 Qxb4 e5 Qb8+ Ke7 dxe5 Be4 Ra7+ Ke6 Qe8+ Kf5 Qxf7+ Nf6 Nh4+ Kg5 g3 Ng4 Qf4+ Kh5 Qxg4+ Kh6 Qf4+ g5,Qf6+
147,Queen's Pawn Game: Zukertort Variation,d4 d5 Nf3 Bf5 Nc3 Nf6 Bf4 Ng4 e3 Nc6 Be2 Qd7 O-O O-O-O Nb5 Nb4 Rc1 Nxa2 Ra1 Nb4 Nxa7+ Kb8 Nb5 Bxc2 Bxc7+ Kc8 Qd2 Qc6 Na7+ Kd7 Nxc6 bxc6 Bxd8 Kxd8 Qxb4 e5 Qb8+ Ke7 dxe5 Be4 Ra7+ Ke6 Qe8+ Kf5 Qxf7+ Nf6 Nh4+ Kg5 g3 Ng4 Qf4+ Kh5 Qxg4+ Kh6 Qf4+ g5 Qf6+,Bg6
148,Queen's Pawn Game: Zukertort Variation,d4 d5 Nf3 Bf5 Nc3 Nf6 Bf4 Ng4 e3 Nc6 Be2 Qd7 O-O O-O-O Nb5 Nb4 Rc1 Nxa2 Ra1 Nb4 Nxa7+ Kb8 Nb5 Bxc2 Bxc7+ Kc8 Qd2 Qc6 Na7+ Kd7 Nxc6 bxc6 Bxd8 Kxd8 Qxb4 e5 Qb8+ Ke7 dxe5 Be4 Ra7+ Ke6 Qe8+ Kf5 Qxf7+ Nf6 Nh4+ Kg5 g3 Ng4 Qf4+ Kh5 Qxg4+ Kh6 Qf4+ g5 Qf6+ Bg6,Nxg6
149,Queen's Pawn Game: Zukertort Variation,d4 d5 Nf3 Bf5 Nc3 Nf6 Bf4 Ng4 e3 Nc6 Be2 Qd7 O-O O-O-O Nb5 Nb4 Rc1 Nxa2 Ra1 Nb4 Nxa7+ Kb8 Nb5 Bxc2 Bxc7+ Kc8 Qd2 Qc6 Na7+ Kd7 Nxc6 bxc6 Bxd8 Kxd8 Qxb4 e5 Qb8+ Ke7 dxe5 Be4 Ra7+ Ke6 Qe8+ Kf5 Qxf7+ Nf6 Nh4+ Kg5 g3 Ng4 Qf4+ Kh5 Qxg4+ Kh6 Qf4+ g5 Qf6+ Bg6 Nxg6,Bg7
150,Queen's Pawn Game: Zukertort Variation,d4 d5 Nf3 Bf5 Nc3 Nf6 Bf4 Ng4 e3 Nc6 Be2 Qd7 O-O O-O-O Nb5 Nb4 Rc1 Nxa2 Ra1 Nb4 Nxa7+ Kb8 Nb5 Bxc2 Bxc7+ Kc8 Qd2 Qc6 Na7+ Kd7 Nxc6 bxc6 Bxd8 Kxd8 Qxb4 e5 Qb8+ Ke7 dxe5 Be4 Ra7+ Ke6 Qe8+ Kf5 Qxf7+ Nf6 Nh4+ Kg5 g3 Ng4 Qf4+ Kh5 Qxg4+ Kh6 Qf4+ g5 Qf6+ Bg6 Nxg6 Bg7,Qxg7#
151,Philidor Defense,,e4
152,Philidor Defense,e4,e5
153,Philidor Defense,e4 e5,Nf3
154,Philidor Defense,e4 e5 Nf3,d6
155,Philidor Defense,e4 e5 Nf3 d6,d4
156,Philidor Defense,e4 e5 Nf3 d6 d4,Nc6
157,Philidor Defense,e4 e5 Nf3 d6 d4 Nc6,d5
158,Philidor Defense,e4 e5 Nf3 d6 d4 Nc6 d5,Nb4
159,Philidor Defense,e4 e5 Nf3 d6 d4 Nc6 d5 Nb4,a3
160,Philidor Defense,e4 e5 Nf3 d6 d4 Nc6 d5 Nb4 a3,Na6
161,Philidor Defense,e4 e5 Nf3 d6 d4 Nc6 d5 Nb4 a3 Na6,Nc3
162,Philidor Defense,e4 e5 Nf3 d6 d4 Nc6 d5 Nb4 a3 Na6 Nc3,Be7
163,Philidor Defense,e4 e5 Nf3 d6 d4 Nc6 d5 Nb4 a3 Na6 Nc3 Be7,b4
164,Philidor Defense,e4 e5 Nf3 d6 d4 Nc6 d5 Nb4 a3 Na6 Nc3 Be7 b4,Nf6
165,Philidor Defense,e4 e5 Nf3 d6 d4 Nc6 d5 Nb4 a3 Na6 Nc3 Be7 b4 Nf6,Bg5
166,Philidor Defense,e4 e5 Nf3 d6 d4 Nc6 d5 Nb4 a3 Na6 Nc3 Be7 b4 Nf6 Bg5,O-O
167,Philidor Defense,e4 e5 Nf3 d6 d4 Nc6 d5 Nb4 a3 Na6 Nc3 Be7 b4 Nf6 Bg5 O-O,b5
168,Philidor Defense,e4 e5 Nf3 d6 d4 Nc6 d5 Nb4 a3 Na6 Nc3 Be7 b4 Nf6 Bg5 O-O b5,Nc5
169,Philidor Defense,e4 e5 Nf3 d6 d4 Nc6 d5 Nb4 a3 Na6 Nc3 Be7 b4 Nf6 Bg5 O-O b5 Nc5,Bxf6
170,Philidor Defense,e4 e5 Nf3 d6 d4 Nc6 d5 Nb4 a3 Na6 Nc3 Be7 b4 Nf6 Bg5 O-O b5 Nc5 Bxf6,Bxf6
171,Philidor Defense,e4 e5 Nf3 d6 d4 Nc6 d5 Nb4 a3 Na6 Nc3 Be7 b4 Nf6 Bg5 O-O b5 Nc5 Bxf6 Bxf6,Bd3
172,Philidor Defense,e4 e5 Nf3 d6 d4 Nc6 d5 Nb4 a3 Na6 Nc3 Be7 b4 Nf6 Bg5 O-O b5 Nc5 Bxf6 Bxf6 Bd3,Qd7
173,Philidor Defense,e4 e5 Nf3 d6 d4 Nc6 d5 Nb4 a3 Na6 Nc3 Be7 b4 Nf6 Bg5 O-O b5 Nc5 Bxf6 Bxf6 Bd3 Qd7,O-O
174,Philidor Defense,e4 e5 Nf3 d6 d4 Nc6 d5 Nb4 a3 Na6 Nc3 Be7 b4 Nf6 Bg5 O-O b5 Nc5 Bxf6 Bxf6 Bd3 Qd7 O-O,Nxd3
175,Philidor Defense,e4 e5 Nf3 d6 d4 Nc6 d5 Nb4 a3 Na6 Nc3 Be7 b4 Nf6 Bg5 O-O b5 Nc5 Bxf6 Bxf6 Bd3 Qd7 O-O Nxd3,Qxd3
176,Philidor Defense,e4 e5 Nf3 d6 d4 Nc6 d5 Nb4 a3 Na6 Nc3 Be7 b4 Nf6 Bg5 O-O b5 Nc5 Bxf6 Bxf6 Bd3 Qd7 O-O Nxd3 Qxd3,c6
177,Philidor Defense,e4 e5 Nf3 d6 d4 Nc6 d5 Nb4 a3 Na6 Nc3 Be7 b4 Nf6 Bg5 O-O b5 Nc5 Bxf6 Bxf6 Bd3 Qd7 O-O Nxd3 Qxd3 c6,a4
178,Philidor Defense,e4 e5 Nf3 d6 d4 Nc6 d5 Nb4 a3 Na6 Nc3 Be7 b4 Nf6 Bg5 O-O b5 Nc5 Bxf6 Bxf6 Bd3 Qd7 O-O Nxd3 Qxd3 c6 a4,cxd5
179,Philidor Defense,e4 e5 Nf3 d6 d4 Nc6 d5 Nb4 a3 Na6 Nc3 Be7 b4 Nf6 Bg5 O-O b5 Nc5 Bxf6 Bxf6 Bd3 Qd7 O-O Nxd3 Qxd3 c6 a4 cxd5,Nxd5
180,Philidor Defense,e4 e5 Nf3 d6 d4 Nc6 d5 Nb4 a3 Na6 Nc3 Be7 b4 Nf6 Bg5 O-O b5 Nc5 Bxf6 Bxf6 Bd3 Qd7 O-O Nxd3 Qxd3 c6 a4 cxd5 Nxd5,Qe6
181,Philidor Defense,e4 e5 Nf3 d6 d4 Nc6 d5 Nb4 a3 Na6 Nc3 Be7 b4 Nf6 Bg5 O-O b5 Nc5 Bxf6 Bxf6 Bd3 Qd7 O-O Nxd3 Qxd3 c6 a4 cxd5 Nxd5 Qe6,Nc7
182,Philidor Defense,e4 e5 Nf3 d6 d4 Nc6 d5 Nb4 a3 Na6 Nc3 Be7 b4 Nf6 Bg5 O-O b5 Nc5 Bxf6 Bxf6 Bd3 Qd7 O-O Nxd3 Qxd3 c6 a4 cxd5 Nxd5 Qe6 Nc7,Qg4
183,Philidor Defense,e4 e5 Nf3 d6 d4 Nc6 d5 Nb4 a3 Na6 Nc3 Be7 b4 Nf6 Bg5 O-O b5 Nc5 Bxf6 Bxf6 Bd3 Qd7 O-O Nxd3 Qxd3 c6 a4 cxd5 Nxd5 Qe6 Nc7 Qg4,Nxa8
184,Philidor Defense,e4 e5 Nf3 d6 d4 Nc6 d5 Nb4 a3 Na6 Nc3 Be7 b4 Nf6 Bg5 O-O b5 Nc5 Bxf6 Bxf6 Bd3 Qd7 O-O Nxd3 Qxd3 c6 a4 cxd5 Nxd5 Qe6 Nc7 Qg4 Nxa8,Bd7
185,Philidor Defense,e4 e5 Nf3 d6 d4 Nc6 d5 Nb4 a3 Na6 Nc3 Be7 b4 Nf6 Bg5 O-O b5 Nc5 Bxf6 Bxf6 Bd3 Qd7 O-O Nxd3 Qxd3 c6 a4 cxd5 Nxd5 Qe6 Nc7 Qg4 Nxa8 Bd7,Nc7
186,Philidor Defense,e4 e5 Nf3 d6 d4 Nc6 d5 Nb4 a3 Na6 Nc3 Be7 b4 Nf6 Bg5 O-O b5 Nc5 Bxf6 Bxf6 Bd3 Qd7 O-O Nxd3 Qxd3 c6 a4 cxd5 Nxd5 Qe6 Nc7 Qg4 Nxa8 Bd7 Nc7,Rc8
187,Philidor Defense,e4 e5 Nf3 d6 d4 Nc6 d5 Nb4 a3 Na6 Nc3 Be7 b4 Nf6 Bg5 O-O b5 Nc5 Bxf6 Bxf6 Bd3 Qd7 O-O Nxd3 Qxd3 c6 a4 cxd5 Nxd5 Qe6 Nc7 Qg4 Nxa8 Bd7 Nc7 Rc8,Nd5
188,Philidor Defense,e4 e5 Nf3 d6 d4 Nc6 d5 Nb4 a3 Na6 Nc3 Be7 b4 Nf6 Bg5 O-O b5 Nc5 Bxf6 Bxf6 Bd3 Qd7 O-O Nxd3 Qxd3 c6 a4 cxd5 Nxd5 Qe6 Nc7 Qg4 Nxa8 Bd7 Nc7 Rc8 Nd5,Qg6
189,Philidor Defense,e4 e5 Nf3 d6 d4 Nc6 d5 Nb4 a3 Na6 Nc3 Be7 b4 Nf6 Bg5 O-O b5 Nc5 Bxf6 Bxf6 Bd3 Qd7 O-O Nxd3 Qxd3 c6 a4 cxd5 Nxd5 Qe6 Nc7 Qg4 Nxa8 Bd7 Nc7 Rc8 Nd5 Qg6,Nxf6+
190,Philidor Defense,e4 e5 Nf3 d6 d4 Nc6 d5 Nb4 a3 Na6 Nc3 Be7 b4 Nf6 Bg5 O-O b5 Nc5 Bxf6 Bxf6 Bd3 Qd7 O-O Nxd3 Qxd3 c6 a4 cxd5 Nxd5 Qe6 Nc7 Qg4 Nxa8 Bd7 Nc7 Rc8 Nd5 Qg6 Nxf6+,Qxf6
191,Philidor Defense,e4 e5 Nf3 d6 d4 Nc6 d5 Nb4 a3 Na6 Nc3 Be7 b4 Nf6 Bg5 O-O b5 Nc5 Bxf6 Bxf6 Bd3 Qd7 O-O Nxd3 Qxd3 c6 a4 cxd5 Nxd5 Qe6 Nc7 Qg4 Nxa8 Bd7 Nc7 Rc8 Nd5 Qg6 Nxf6+ Qxf6,Rfd1
192,Philidor Defense,e4 e5 Nf3 d6 d4 Nc6 d5 Nb4 a3 Na6 Nc3 Be7 b4 Nf6 Bg5 O-O b5 Nc5 Bxf6 Bxf6 Bd3 Qd7 O-O Nxd3 Qxd3 c6 a4 cxd5 Nxd5 Qe6 Nc7 Qg4 Nxa8 Bd7 Nc7 Rc8 Nd5 Qg6 Nxf6+ Qxf6 Rfd1,Re8
193,Philidor Defense,e4 e5 Nf3 d6 d4 Nc6 d5 Nb4 a3 Na6 Nc3 Be7 b4 Nf6 Bg5 O-O b5 Nc5 Bxf6 Bxf6 Bd3 Qd7 O-O Nxd3 Qxd3 c6 a4 cxd5 Nxd5 Qe6 Nc7 Qg4 Nxa8 Bd7 Nc7 Rc8 Nd5 Qg6 Nxf6+ Qxf6 Rfd1 Re8,Qxd6
194,Philidor Defense,e4 e5 Nf3 d6 d4 Nc6 d5 Nb4 a3 Na6 Nc3 Be7 b4 Nf6 Bg5 O-O b5 Nc5 Bxf6 Bxf6 Bd3 Qd7 O-O Nxd3 Qxd3 c6 a4 cxd5 Nxd5 Qe6 Nc7 Qg4 Nxa8 Bd7 Nc7 Rc8 Nd5 Qg6 Nxf6+ Qxf6 Rfd1 Re8 Qxd6,Bg4
195,Philidor Defense,e4 e5 Nf3 d6 d4 Nc6 d5 Nb4 a3 Na6 Nc3 Be7 b4 Nf6 Bg5 O-O b5 Nc5 Bxf6 Bxf6 Bd3 Qd7 O-O Nxd3 Qxd3 c6 a4 cxd5 Nxd5 Qe6 Nc7 Qg4 Nxa8 Bd7 Nc7 Rc8 Nd5 Qg6 Nxf6+ Qxf6 Rfd1 Re8 Qxd6 Bg4,Qxf6
196,Philidor Defense,e4 e5 Nf3 d6 d4 Nc6 d5 Nb4 a3 Na6 Nc3 Be7 b4 Nf6 Bg5 O-O b5 Nc5 Bxf6 Bxf6 Bd3 Qd7 O-O Nxd3 Qxd3 c6 a4 cxd5 Nxd5 Qe6 Nc7 Qg4 Nxa8 Bd7 Nc7 Rc8 Nd5 Qg6 Nxf6+ Qxf6 Rfd1 Re8 Qxd6 Bg4 Qxf6,gxf6
197,Philidor Defense,e4 e5 Nf3 d6 d4 Nc6 d5 Nb4 a3 Na6 Nc3 Be7 b4 Nf6 Bg5 O-O b5 Nc5 Bxf6 Bxf6 Bd3 Qd7 O-O Nxd3 Qxd3 c6 a4 cxd5 Nxd5 Qe6 Nc7 Qg4 Nxa8 Bd7 Nc7 Rc8 Nd5 Qg6 Nxf6+ Qxf6 Rfd1 Re8 Qxd6 Bg4 Qxf6 gxf6,Rd3
198,Philidor Defense,e4 e5 Nf3 d6 d4 Nc6 d5 Nb4 a3 Na6 Nc3 Be7 b4 Nf6 Bg5 O-O b5 Nc5 Bxf6 Bxf6 Bd3 Qd7 O-O Nxd3 Qxd3 c6 a4 cxd5 Nxd5 Qe6 Nc7 Qg4 Nxa8 Bd7 Nc7 Rc8 Nd5 Qg6 Nxf6+ Qxf6 Rfd1 Re8 Qxd6 Bg4 Qxf6 gxf6 Rd3,Bxf3
199,Philidor Defense,e4 e5 Nf3 d6 d4 Nc6 d5 Nb4 a3 Na6 Nc3 Be7 b4 Nf6 Bg5 O-O b5 Nc5 Bxf6 Bxf6 Bd3 Qd7 O-O Nxd3 Qxd3 c6 a4 cxd5 Nxd5 Qe6 Nc7 Qg4 Nxa8 Bd7 Nc7 Rc8 Nd5 Qg6 Nxf6+ Qxf6 Rfd1 Re8 Qxd6 Bg4 Qxf6 gxf6 Rd3 Bxf3,Rxf3
200,Philidor Defense,e4 e5 Nf3 d6 d4 Nc6 d5 Nb4 a3 Na6 Nc3 Be7 b4 Nf6 Bg5 O-O b5 Nc5 Bxf6 Bxf6 Bd3 Qd7 O-O Nxd3 Qxd3 c6 a4 cxd5 Nxd5 Qe6 Nc7 Qg4 Nxa8 Bd7 Nc7 Rc8 Nd5 Qg6 Nxf6+ Qxf6 Rfd1 Re8 Qxd6 Bg4 Qxf6 gxf6 Rd3 Bxf3 Rxf3,Rd8
201,Philidor Defense,e4 e5 Nf3 d6 d4 Nc6 d5 Nb4 a3 Na6 Nc3 Be7 b4 Nf6 Bg5 O-O b5 Nc5 Bxf6 Bxf6 Bd3 Qd7 O-O Nxd3 Qxd3 c6 a4 cxd5 Nxd5 Qe6 Nc7 Qg4 Nxa8 Bd7 Nc7 Rc8 Nd5 Qg6 Nxf6+ Qxf6 Rfd1 Re8 Qxd6 Bg4 Qxf6 gxf6 Rd3 Bxf3 Rxf3 Rd8,Rxf6
202,Philidor Defense,e4 e5 Nf3 d6 d4 Nc6 d5 Nb4 a3 Na6 Nc3 Be7 b4 Nf6 Bg5 O-O b5 Nc5 Bxf6 Bxf6 Bd3 Qd7 O-O Nxd3 Qxd3 c6 a4 cxd5 Nxd5 Qe6 Nc7 Qg4 Nxa8 Bd7 Nc7 Rc8 Nd5 Qg6 Nxf6+ Qxf6 Rfd1 Re8 Qxd6 Bg4 Qxf6 gxf6 Rd3 Bxf3 Rxf3 Rd8 Rxf6,Kg7
203,Philidor Defense,e4 e5 Nf3 d6 d4 Nc6 d5 Nb4 a3 Na6 Nc3 Be7 b4 Nf6 Bg5 O-O b5 Nc5 Bxf6 Bxf6 Bd3 Qd7 O-O Nxd3 Qxd3 c6 a4 cxd5 Nxd5 Qe6 Nc7 Qg4 Nxa8 Bd7 Nc7 Rc8 Nd5 Qg6 Nxf6+ Qxf6 Rfd1 Re8 Qxd6 Bg4 Qxf6 gxf6 Rd3 Bxf3 Rxf3 Rd8 Rxf6 Kg7,Rf3
204,Philidor Defense,e4 e5 Nf3 d6 d4 Nc6 d5 Nb4 a3 Na6 Nc3 Be7 b4 Nf6 Bg5 O-O b5 Nc5 Bxf6 Bxf6 Bd3 Qd7 O-O Nxd3 Qxd3 c6 a4 cxd5 Nxd5 Qe6 Nc7 Qg4 Nxa8 Bd7 Nc7 Rc8 Nd5 Qg6 Nxf6+ Qxf6 Rfd1 Re8 Qxd6 Bg4 Qxf6 gxf6 Rd3 Bxf3 Rxf3 Rd8 Rxf6 Kg7 Rf3,Rd2
205,Philidor Defense,e4 e5 Nf3 d6 d4 Nc6 d5 Nb4 a3 Na6 Nc3 Be7 b4 Nf6 Bg5 O-O b5 Nc5 Bxf6 Bxf6 Bd3 Qd7 O-O Nxd3 Qxd3 c6 a4 cxd5 Nxd5 Qe6 Nc7 Qg4 Nxa8 Bd7 Nc7 Rc8 Nd5 Qg6 Nxf6+ Qxf6 Rfd1 Re8 Qxd6 Bg4 Qxf6 gxf6 Rd3 Bxf3 Rxf3 Rd8 Rxf6 Kg7 Rf3 Rd2,Rg3+
206,Philidor Defense,e4 e5 Nf3 d6 d4 Nc6 d5 Nb4 a3 Na6 Nc3 Be7 b4 Nf6 Bg5 O-O b5 Nc5 Bxf6 Bxf6 Bd3 Qd7 O-O Nxd3 Qxd3 c6 a4 cxd5 Nxd5 Qe6 Nc7 Qg4 Nxa8 Bd7 Nc7 Rc8 Nd5 Qg6 Nxf6+ Qxf6 Rfd1 Re8 Qxd6 Bg4 Qxf6 gxf6 Rd3 Bxf3 Rxf3 Rd8 Rxf6 Kg7 Rf3 Rd2 Rg3+,Kf8
207,Philidor Defense,e4 e5 Nf3 d6 d4 Nc6 d5 Nb4 a3 Na6 Nc3 Be7 b4 Nf6 Bg5 O-O b5 Nc5 Bxf6 Bxf6 Bd3 Qd7 O-O Nxd3 Qxd3 c6 a4 cxd5 Nxd5 Qe6 Nc7 Qg4 Nxa8 Bd7 Nc7 Rc8 Nd5 Qg6 Nxf6+ Qxf6 Rfd1 Re8 Qxd6 Bg4 Qxf6 gxf6 Rd3 Bxf3 Rxf3 Rd8 Rxf6 Kg7 Rf3 Rd2 Rg3+ Kf8,c3
208,Philidor Defense,e4 e5 Nf3 d6 d4 Nc6 d5 Nb4 a3 Na6 Nc3 Be7 b4 Nf6 Bg5 O-O b5 Nc5 Bxf6 Bxf6 Bd3 Qd7 O-O Nxd3 Qxd3 c6 a4 cxd5 Nxd5 Qe6 Nc7 Qg4 Nxa8 Bd7 Nc7 Rc8 Nd5 Qg6 Nxf6+ Qxf6 Rfd1 Re8 Qxd6 Bg4 Qxf6 gxf6 Rd3 Bxf3 Rxf3 Rd8 Rxf6 Kg7 Rf3 Rd2 Rg3+ Kf8 c3,Re2
209,Philidor Defense,e4 e5 Nf3 d6 d4 Nc6 d5 Nb4 a3 Na6 Nc3 Be7 b4 Nf6 Bg5 O-O b5 Nc5 Bxf6 Bxf6 Bd3 Qd7 O-O Nxd3 Qxd3 c6 a4 cxd5 Nxd5 Qe6 Nc7 Qg4 Nxa8 Bd7 Nc7 Rc8 Nd5 Qg6 Nxf6+ Qxf6 Rfd1 Re8 Qxd6 Bg4 Qxf6 gxf6 Rd3 Bxf3 Rxf3 Rd8 Rxf6 Kg7 Rf3 Rd2 Rg3+ Kf8 c3 Re2,f3
210,Philidor Defense,e4 e5 Nf3 d6 d4 Nc6 d5 Nb4 a3 Na6 Nc3 Be7 b4 Nf6 Bg5 O-O b5 Nc5 Bxf6 Bxf6 Bd3 Qd7 O-O Nxd3 Qxd3 c6 a4 cxd5 Nxd5 Qe6 Nc7 Qg4 Nxa8 Bd7 Nc7 Rc8 Nd5 Qg6 Nxf6+ Qxf6 Rfd1 Re8 Qxd6 Bg4 Qxf6 gxf6 Rd3 Bxf3 Rxf3 Rd8 Rxf6 Kg7 Rf3 Rd2 Rg3+ Kf8 c3 Re2 f3,Rc2
211,Philidor Defense,e4 e5 Nf3 d6 d4 Nc6 d5 Nb4 a3 Na6 Nc3 Be7 b4 Nf6 Bg5 O-O b5 Nc5 Bxf6 Bxf6 Bd3 Qd7 O-O Nxd3 Qxd3 c6 a4 cxd5 Nxd5 Qe6 Nc7 Qg4 Nxa8 Bd7 Nc7 Rc8 Nd5 Qg6 Nxf6+ Qxf6 Rfd1 Re8 Qxd6 Bg4 Qxf6 gxf6 Rd3 Bxf3 Rxf3 Rd8 Rxf6 Kg7 Rf3 Rd2 Rg3+ Kf8 c3 Re2 f3 Rc2,Rg5
212,Philidor Defense,e4 e5 Nf3 d6 d4 Nc6 d5 Nb4 a3 Na6 Nc3 Be7 b4 Nf6 Bg5 O-O b5 Nc5 Bxf6 Bxf6 Bd3 Qd7 O-O Nxd3 Qxd3 c6 a4 cxd5 Nxd5 Qe6 Nc7 Qg4 Nxa8 Bd7 Nc7 Rc8 Nd5 Qg6 Nxf6+ Qxf6 Rfd1 Re8 Qxd6 Bg4 Qxf6 gxf6 Rd3 Bxf3 Rxf3 Rd8 Rxf6 Kg7 Rf3 Rd2 Rg3+ Kf8 c3 Re2 f3 Rc2 Rg5,f6
213,Philidor Defense,e4 e5 Nf3 d6 d4 Nc6 d5 Nb4 a3 Na6 Nc3 Be7 b4 Nf6 Bg5 O-O b5 Nc5 Bxf6 Bxf6 Bd3 Qd7 O-O Nxd3 Qxd3 c6 a4 cxd5 Nxd5 Qe6 Nc7 Qg4 Nxa8 Bd7 Nc7 Rc8 Nd5 Qg6 Nxf6+ Qxf6 Rfd1 Re8 Qxd6 Bg4 Qxf6 gxf6 Rd3 Bxf3 Rxf3 Rd8 Rxf6 Kg7 Rf3 Rd2 Rg3+ Kf8 c3 Re2 f3 Rc2 Rg5 f6,Rh5
214,Philidor Defense,e4 e5 Nf3 d6 d4 Nc6 d5 Nb4 a3 Na6 Nc3 Be7 b4 Nf6 Bg5 O-O b5 Nc5 Bxf6 Bxf6 Bd3 Qd7 O-O Nxd3 Qxd3 c6 a4 cxd5 Nxd5 Qe6 Nc7 Qg4 Nxa8 Bd7 Nc7 Rc8 Nd5 Qg6 Nxf6+ Qxf6 Rfd1 Re8 Qxd6 Bg4 Qxf6 gxf6 Rd3 Bxf3 Rxf3 Rd8 Rxf6 Kg7 Rf3 Rd2 Rg3+ Kf8 c3 Re2 f3 Rc2 Rg5 f6 Rh5,Kg7
215,Philidor Defense,e4 e5 Nf3 d6 d4 Nc6 d5 Nb4 a3 Na6 Nc3 Be7 b4 Nf6 Bg5 O-O b5 Nc5 Bxf6 Bxf6 Bd3 Qd7 O-O Nxd3 Qxd3 c6 a4 cxd5 Nxd5 Qe6 Nc7 Qg4 Nxa8 Bd7 Nc7 Rc8 Nd5 Qg6 Nxf6+ Qxf6 Rfd1 Re8 Qxd6 Bg4 Qxf6 gxf6 Rd3 Bxf3 Rxf3 Rd8 Rxf6 Kg7 Rf3 Rd2 Rg3+ Kf8 c3 Re2 f3 Rc2 Rg5 f6 Rh5 Kg7,Rd1
216,Philidor Defense,e4 e5 Nf3 d6 d4 Nc6 d5 Nb4 a3 Na6 Nc3 Be7 b4 Nf6 Bg5 O-O b5 Nc5 Bxf6 Bxf6 Bd3 Qd7 O-O Nxd3 Qxd3 c6 a4 cxd5 Nxd5 Qe6 Nc7 Qg4 Nxa8 Bd7 Nc7 Rc8 Nd5 Qg6 Nxf6+ Qxf6 Rfd1 Re8 Qxd6 Bg4 Qxf6 gxf6 Rd3 Bxf3 Rxf3 Rd8 Rxf6 Kg7 Rf3 Rd2 Rg3+ Kf8 c3 Re2 f3 Rc2 Rg5 f6 Rh5 Kg7 Rd1,Kg6
217,Philidor Defense,e4 e5 Nf3 d6 d4 Nc6 d5 Nb4 a3 Na6 Nc3 Be7 b4 Nf6 Bg5 O-O b5 Nc5 Bxf6 Bxf6 Bd3 Qd7 O-O Nxd3 Qxd3 c6 a4 cxd5 Nxd5 Qe6 Nc7 Qg4 Nxa8 Bd7 Nc7 Rc8 Nd5 Qg6 Nxf6+ Qxf6 Rfd1 Re8 Qxd6 Bg4 Qxf6 gxf6 Rd3 Bxf3 Rxf3 Rd8 Rxf6 Kg7 Rf3 Rd2 Rg3+ Kf8 c3 Re2 f3 Rc2 Rg5 f6 Rh5 Kg7 Rd1 Kg6,Rh3
218,Philidor Defense,e4 e5 Nf3 d6 d4 Nc6 d5 Nb4 a3 Na6 Nc3 Be7 b4 Nf6 Bg5 O-O b5 Nc5 Bxf6 Bxf6 Bd3 Qd7 O-O Nxd3 Qxd3 c6 a4 cxd5 Nxd5 Qe6 Nc7 Qg4 Nxa8 Bd7 Nc7 Rc8 Nd5 Qg6 Nxf6+ Qxf6 Rfd1 Re8 Qxd6 Bg4 Qxf6 gxf6 Rd3 Bxf3 Rxf3 Rd8 Rxf6 Kg7 Rf3 Rd2 Rg3+ Kf8 c3 Re2 f3 Rc2 Rg5 f6 Rh5 Kg7 Rd1 Kg6 Rh3,Rxc3
219,Philidor Defense,e4 e5 Nf3 d6 d4 Nc6 d5 Nb4 a3 Na6 Nc3 Be7 b4 Nf6 Bg5 O-O b5 Nc5 Bxf6 Bxf6 Bd3 Qd7 O-O Nxd3 Qxd3 c6 a4 cxd5 Nxd5 Qe6 Nc7 Qg4 Nxa8 Bd7 Nc7 Rc8 Nd5 Qg6 Nxf6+ Qxf6 Rfd1 Re8 Qxd6 Bg4 Qxf6 gxf6 Rd3 Bxf3 Rxf3 Rd8 Rxf6 Kg7 Rf3 Rd2 Rg3+ Kf8 c3 Re2 f3 Rc2 Rg5 f6 Rh5 Kg7 Rd1 Kg6 Rh3 Rxc3,Rd7
220,Philidor Defense,e4 e5 Nf3 d6 d4 Nc6 d5 Nb4 a3 Na6 Nc3 Be7 b4 Nf6 Bg5 O-O b5 Nc5 Bxf6 Bxf6 Bd3 Qd7 O-O Nxd3 Qxd3 c6 a4 cxd5 Nxd5 Qe6 Nc7 Qg4 Nxa8 Bd7 Nc7 Rc8 Nd5 Qg6 Nxf6+ Qxf6 Rfd1 Re8 Qxd6 Bg4 Qxf6 gxf6 Rd3 Bxf3 Rxf3 Rd8 Rxf6 Kg7 Rf3 Rd2 Rg3+ Kf8 c3 Re2 f3 Rc2 Rg5 f6 Rh5 Kg7 Rd1 Kg6 Rh3 Rxc3 Rd7,Rc1+
221,Philidor Defense,e4 e5 Nf3 d6 d4 Nc6 d5 Nb4 a3 Na6 Nc3 Be7 b4 Nf6 Bg5 O-O b5 Nc5 Bxf6 Bxf6 Bd3 Qd7 O-O Nxd3 Qxd3 c6 a4 cxd5 Nxd5 Qe6 Nc7 Qg4 Nxa8 Bd7 Nc7 Rc8 Nd5 Qg6 Nxf6+ Qxf6 Rfd1 Re8 Qxd6 Bg4 Qxf6 gxf6 Rd3 Bxf3 Rxf3 Rd8 Rxf6 Kg7 Rf3 Rd2 Rg3+ Kf8 c3 Re2 f3 Rc2 Rg5 f6 Rh5 Kg7 Rd1 Kg6 Rh3 Rxc3 Rd7 Rc1+,Kf2
222,Philidor Defense,e4 e5 Nf3 d6 d4 Nc6 d5 Nb4 a3 Na6 Nc3 Be7 b4 Nf6 Bg5 O-O b5 Nc5 Bxf6 Bxf6 Bd3 Qd7 O-O Nxd3 Qxd3 c6 a4 cxd5 Nxd5 Qe6 Nc7 Qg4 Nxa8 Bd7 Nc7 Rc8 Nd5 Qg6 Nxf6+ Qxf6 Rfd1 Re8 Qxd6 Bg4 Qxf6 gxf6 Rd3 Bxf3 Rxf3 Rd8 Rxf6 Kg7 Rf3 Rd2 Rg3+ Kf8 c3 Re2 f3 Rc2 Rg5 f6 Rh5 Kg7 Rd1 Kg6 Rh3 Rxc3 Rd7 Rc1+ Kf2,Rc2+
223,Philidor Defense,e4 e5 Nf3 d6 d4 Nc6 d5 Nb4 a3 Na6 Nc3 Be7 b4 Nf6 Bg5 O-O b5 Nc5 Bxf6 Bxf6 Bd3 Qd7 O-O Nxd3 Qxd3 c6 a4 cxd5 Nxd5 Qe6 Nc7 Qg4 Nxa8 Bd7 Nc7 Rc8 Nd5 Qg6 Nxf6+ Qxf6 Rfd1 Re8 Qxd6 Bg4 Qxf6 gxf6 Rd3 Bxf3 Rxf3 Rd8 Rxf6 Kg7 Rf3 Rd2 Rg3+ Kf8 c3 Re2 f3 Rc2 Rg5 f6 Rh5 Kg7 Rd1 Kg6 Rh3 Rxc3 Rd7 Rc1+ Kf2 Rc2+,Kg3
224,Philidor Defense,e4 e5 Nf3 d6 d4 Nc6 d5 Nb4 a3 Na6 Nc3 Be7 b4 Nf6 Bg5 O-O b5 Nc5 Bxf6 Bxf6 Bd3 Qd7 O-O Nxd3 Qxd3 c6 a4 cxd5 Nxd5 Qe6 Nc7 Qg4 Nxa8 Bd7 Nc7 Rc8 Nd5 Qg6 Nxf6+ Qxf6 Rfd1 Re8 Qxd6 Bg4 Qxf6 gxf6 Rd3 Bxf3 Rxf3 Rd8 Rxf6 Kg7 Rf3 Rd2 Rg3+ Kf8 c3 Re2 f3 Rc2 Rg5 f6 Rh5 Kg7 Rd1 Kg6 Rh3 Rxc3 Rd7 Rc1+ Kf2 Rc2+ Kg3,h5
225,Philidor Defense,e4 e5 Nf3 d6 d4 Nc6 d5 Nb4 a3 Na6 Nc3 Be7 b4 Nf6 Bg5 O-O b5 Nc5 Bxf6 Bxf6 Bd3 Qd7 O-O Nxd3 Qxd3 c6 a4 cxd5 Nxd5 Qe6 Nc7 Qg4 Nxa8 Bd7 Nc7 Rc8 Nd5 Qg6 Nxf6+ Qxf6 Rfd1 Re8 Qxd6 Bg4 Qxf6 gxf6 Rd3 Bxf3 Rxf3 Rd8 Rxf6 Kg7 Rf3 Rd2 Rg3+ Kf8 c3 Re2 f3 Rc2 Rg5 f6 Rh5 Kg7 Rd1 Kg6 Rh3 Rxc3 Rd7 Rc1+ Kf2 Rc2+ Kg3 h5,Rxb7
226,Philidor Defense,e4 e5 Nf3 d6 d4 Nc6 d5 Nb4 a3 Na6 Nc3 Be7 b4 Nf6 Bg5 O-O b5 Nc5 Bxf6 Bxf6 Bd3 Qd7 O-O Nxd3 Qxd3 c6 a4 cxd5 Nxd5 Qe6 Nc7 Qg4 Nxa8 Bd7 Nc7 Rc8 Nd5 Qg6 Nxf6+ Qxf6 Rfd1 Re8 Qxd6 Bg4 Qxf6 gxf6 Rd3 Bxf3 Rxf3 Rd8 Rxf6 Kg7 Rf3 Rd2 Rg3+ Kf8 c3 Re2 f3 Rc2 Rg5 f6 Rh5 Kg7 Rd1 Kg6 Rh3 Rxc3 Rd7 Rc1+ Kf2 Rc2+ Kg3 h5 Rxb7,Kg5
227,Philidor Defense,e4 e5 Nf3 d6 d4 Nc6 d5 Nb4 a3 Na6 Nc3 Be7 b4 Nf6 Bg5 O-O b5 Nc5 Bxf6 Bxf6 Bd3 Qd7 O-O Nxd3 Qxd3 c6 a4 cxd5 Nxd5 Qe6 Nc7 Qg4 Nxa8 Bd7 Nc7 Rc8 Nd5 Qg6 Nxf6+ Qxf6 Rfd1 Re8 Qxd6 Bg4 Qxf6 gxf6 Rd3 Bxf3 Rxf3 Rd8 Rxf6 Kg7 Rf3 Rd2 Rg3+ Kf8 c3 Re2 f3 Rc2 Rg5 f6 Rh5 Kg7 Rd1 Kg6 Rh3 Rxc3 Rd7 Rc1+ Kf2 Rc2+ Kg3 h5 Rxb7 Kg5,Rxa7
228,Philidor Defense,e4 e5 Nf3 d6 d4 Nc6 d5 Nb4 a3 Na6 Nc3 Be7 b4 Nf6 Bg5 O-O b5 Nc5 Bxf6 Bxf6 Bd3 Qd7 O-O Nxd3 Qxd3 c6 a4 cxd5 Nxd5 Qe6 Nc7 Qg4 Nxa8 Bd7 Nc7 Rc8 Nd5 Qg6 Nxf6+ Qxf6 Rfd1 Re8 Qxd6 Bg4 Qxf6 gxf6 Rd3 Bxf3 Rxf3 Rd8 Rxf6 Kg7 Rf3 Rd2 Rg3+ Kf8 c3 Re2 f3 Rc2 Rg5 f6 Rh5 Kg7 Rd1 Kg6 Rh3 Rxc3 Rd7 Rc1+ Kf2 Rc2+ Kg3 h5 Rxb7 Kg5 Rxa7,h4+
229,Philidor Defense,e4 e5 Nf3 d6 d4 Nc6 d5 Nb4 a3 Na6 Nc3 Be7 b4 Nf6 Bg5 O-O b5 Nc5 Bxf6 Bxf6 Bd3 Qd7 O-O Nxd3 Qxd3 c6 a4 cxd5 Nxd5 Qe6 Nc7 Qg4 Nxa8 Bd7 Nc7 Rc8 Nd5 Qg6 Nxf6+ Qxf6 Rfd1 Re8 Qxd6 Bg4 Qxf6 gxf6 Rd3 Bxf3 Rxf3 Rd8 Rxf6 Kg7 Rf3 Rd2 Rg3+ Kf8 c3 Re2 f3 Rc2 Rg5 f6 Rh5 Kg7 Rd1 Kg6 Rh3 Rxc3 Rd7 Rc1+ Kf2 Rc2+ Kg3 h5 Rxb7 Kg5 Rxa7 h4+,Rxh4
230,Philidor Defense,e4 e5 Nf3 d6 d4 Nc6 d5 Nb4 a3 Na6 Nc3 Be7 b4 Nf6 Bg5 O-O b5 Nc5 Bxf6 Bxf6 Bd3 Qd7 O-O Nxd3 Qxd3 c6 a4 cxd5 Nxd5 Qe6 Nc7 Qg4 Nxa8 Bd7 Nc7 Rc8 Nd5 Qg6 Nxf6+ Qxf6 Rfd1 Re8 Qxd6 Bg4 Qxf6 gxf6 Rd3 Bxf3 Rxf3 Rd8 Rxf6 Kg7 Rf3 Rd2 Rg3+ Kf8 c3 Re2 f3 Rc2 Rg5 f6 Rh5 Kg7 Rd1 Kg6 Rh3 Rxc3 Rd7 Rc1+ Kf2 Rc2+ Kg3 h5 Rxb7 Kg5 Rxa7 h4+ Rxh4,Rxg2+
231,Philidor Defense,e4 e5 Nf3 d6 d4 Nc6 d5 Nb4 a3 Na6 Nc3 Be7 b4 Nf6 Bg5 O-O b5 Nc5 Bxf6 Bxf6 Bd3 Qd7 O-O Nxd3 Qxd3 c6 a4 cxd5 Nxd5 Qe6 Nc7 Qg4 Nxa8 Bd7 Nc7 Rc8 Nd5 Qg6 Nxf6+ Qxf6 Rfd1 Re8 Qxd6 Bg4 Qxf6 gxf6 Rd3 Bxf3 Rxf3 Rd8 Rxf6 Kg7 Rf3 Rd2 Rg3+ Kf8 c3 Re2 f3 Rc2 Rg5 f6 Rh5 Kg7 Rd1 Kg6 Rh3 Rxc3 Rd7 Rc1+ Kf2 Rc2+ Kg3 h5 Rxb7 Kg5 Rxa7 h4+ Rxh4 Rxg2+,Kxg2
232,Philidor Defense,e4 e5 Nf3 d6 d4 Nc6 d5 Nb4 a3 Na6 Nc3 Be7 b4 Nf6 Bg5 O-O b5 Nc5 Bxf6 Bxf6 Bd3 Qd7 O-O Nxd3 Qxd3 c6 a4 cxd5 Nxd5 Qe6 Nc7 Qg4 Nxa8 Bd7 Nc7 Rc8 Nd5 Qg6 Nxf6+ Qxf6 Rfd1 Re8 Qxd6 Bg4 Qxf6 gxf6 Rd3 Bxf3 Rxf3 Rd8 Rxf6 Kg7 Rf3 Rd2 Rg3+ Kf8 c3 Re2 f3 Rc2 Rg5 f6 Rh5 Kg7 Rd1 Kg6 Rh3 Rxc3 Rd7 Rc1+ Kf2 Rc2+ Kg3 h5 Rxb7 Kg5 Rxa7 h4+ Rxh4 Rxg2+ Kxg2,Kxh4
233,Philidor Defense,e4 e5 Nf3 d6 d4 Nc6 d5 Nb4 a3 Na6 Nc3 Be7 b4 Nf6 Bg5 O-O b5 Nc5 Bxf6 Bxf6 Bd3 Qd7 O-O Nxd3 Qxd3 c6 a4 cxd5 Nxd5 Qe6 Nc7 Qg4 Nxa8 Bd7 Nc7 Rc8 Nd5 Qg6 Nxf6+ Qxf6 Rfd1 Re8 Qxd6 Bg4 Qxf6 gxf6 Rd3 Bxf3 Rxf3 Rd8 Rxf6 Kg7 Rf3 Rd2 Rg3+ Kf8 c3 Re2 f3 Rc2 Rg5 f6 Rh5 Kg7 Rd1 Kg6 Rh3 Rxc3 Rd7 Rc1+ Kf2 Rc2+ Kg3 h5 Rxb7 Kg5 Rxa7 h4+ Rxh4 Rxg2+ Kxg2 Kxh4,b6
234,Philidor Defense,e4 e5 Nf3 d6 d4 Nc6 d5 Nb4 a3 Na6 Nc3 Be7 b4 Nf6 Bg5 O-O b5 Nc5 Bxf6 Bxf6 Bd3 Qd7 O-O Nxd3 Qxd3 c6 a4 cxd5 Nxd5 Qe6 Nc7 Qg4 Nxa8 Bd7 Nc7 Rc8 Nd5 Qg6 Nxf6+ Qxf6 Rfd1 Re8 Qxd6 Bg4 Qxf6 gxf6 Rd3 Bxf3 Rxf3 Rd8 Rxf6 Kg7 Rf3 Rd2 Rg3+ Kf8 c3 Re2 f3 Rc2 Rg5 f6 Rh5 Kg7 Rd1 Kg6 Rh3 Rxc3 Rd7 Rc1+ Kf2 Rc2+ Kg3 h5 Rxb7 Kg5 Rxa7 h4+ Rxh4 Rxg2+ Kxg2 Kxh4 b6,Kg5
235,Philidor Defense,e4 e5 Nf3 d6 d4 Nc6 d5 Nb4 a3 Na6 Nc3 Be7 b4 Nf6 Bg5 O-O b5 Nc5 Bxf6 Bxf6 Bd3 Qd7 O-O Nxd3 Qxd3 c6 a4 cxd5 Nxd5 Qe6 Nc7 Qg4 Nxa8 Bd7 Nc7 Rc8 Nd5 Qg6 Nxf6+ Qxf6 Rfd1 Re8 Qxd6 Bg4 Qxf6 gxf6 Rd3 Bxf3 Rxf3 Rd8 Rxf6 Kg7 Rf3 Rd2 Rg3+ Kf8 c3 Re2 f3 Rc2 Rg5 f6 Rh5 Kg7 Rd1 Kg6 Rh3 Rxc3 Rd7 Rc1+ Kf2 Rc2+ Kg3 h5 Rxb7 Kg5 Rxa7 h4+ Rxh4 Rxg2+ Kxg2 Kxh4 b6 Kg5,b7
236,Philidor Defense,e4 e5 Nf3 d6 d4 Nc6 d5 Nb4 a3 Na6 Nc3 Be7 b4 Nf6 Bg5 O-O b5 Nc5 Bxf6 Bxf6 Bd3 Qd7 O-O Nxd3 Qxd3 c6 a4 cxd5 Nxd5 Qe6 Nc7 Qg4 Nxa8 Bd7 Nc7 Rc8 Nd5 Qg6 Nxf6+ Qxf6 Rfd1 Re8 Qxd6 Bg4 Qxf6 gxf6 Rd3 Bxf3 Rxf3 Rd8 Rxf6 Kg7 Rf3 Rd2 Rg3+ Kf8 c3 Re2 f3 Rc2 Rg5 f6 Rh5 Kg7 Rd1 Kg6 Rh3 Rxc3 Rd7 Rc1+ Kf2 Rc2+ Kg3 h5 Rxb7 Kg5 Rxa7 h4+ Rxh4 Rxg2+ Kxg2 Kxh4 b6 Kg5 b7,f5
237,Philidor Defense,e4 e5 Nf3 d6 d4 Nc6 d5 Nb4 a3 Na6 Nc3 Be7 b4 Nf6 Bg5 O-O b5 Nc5 Bxf6 Bxf6 Bd3 Qd7 O-O Nxd3 Qxd3 c6 a4 cxd5 Nxd5 Qe6 Nc7 Qg4 Nxa8 Bd7 Nc7 Rc8 Nd5 Qg6 Nxf6+ Qxf6 Rfd1 Re8 Qxd6 Bg4 Qxf6 gxf6 Rd3 Bxf3 Rxf3 Rd8 Rxf6 Kg7 Rf3 Rd2 Rg3+ Kf8 c3 Re2 f3 Rc2 Rg5 f6 Rh5 Kg7 Rd1 Kg6 Rh3 Rxc3 Rd7 Rc1+ Kf2 Rc2+ Kg3 h5 Rxb7 Kg5 Rxa7 h4+ Rxh4 Rxg2+ Kxg2 Kxh4 b6 Kg5 b7 f5,exf5
238,Philidor Defense,e4 e5 Nf3 d6 d4 Nc6 d5 Nb4 a3 Na6 Nc3 Be7 b4 Nf6 Bg5 O-O b5 Nc5 Bxf6 Bxf6 Bd3 Qd7 O-O Nxd3 Qxd3 c6 a4 cxd5 Nxd5 Qe6 Nc7 Qg4 Nxa8 Bd7 Nc7 Rc8 Nd5 Qg6 Nxf6+ Qxf6 Rfd1 Re8 Qxd6 Bg4 Qxf6 gxf6 Rd3 Bxf3 Rxf3 Rd8 Rxf6 Kg7 Rf3 Rd2 Rg3+ Kf8 c3 Re2 f3 Rc2 Rg5 f6 Rh5 Kg7 Rd1 Kg6 Rh3 Rxc3 Rd7 Rc1+ Kf2 Rc2+ Kg3 h5 Rxb7 Kg5 Rxa7 h4+ Rxh4 Rxg2+ Kxg2 Kxh4 b6 Kg5 b7 f5 exf5,Kxf5
239,Philidor Defense,e4 e5 Nf3 d6 d4 Nc6 d5EQwkA7Za Nb4 a3 Na6 Nc3 Be7 b4 Nf6 Bg5 O-O b5 Nc5 Bxf6 Bxf6 Bd3 Qd7 O-O Nxd3 Qxd3 c6 a4 cxd5 Nxd5 Qe6 Nc7 Qg4 Nxa8 Bd7 Nc7 Rc8 Nd5 Qg6 Nxf6+ Qxf6 Rfd1 Re8 Qxd6 Bg4 Qxf6 gxf6 Rd3 Bxf3 Rxf3 Rd8 Rxf6 Kg7 Rf3 Rd2 Rg3+ Kf8 c3 Re2 f3 Rc2 Rg5 f6 Rh5 Kg7 Rd1 Kg6 Rh3 Rxc3 Rd7 Rc1+ Kf2 Rc2+ Kg3 h5 Rxb7 Kg5 Rxa7 h4+ Rxh4 Rxg2+ Kxg2 Kxh4 b6 Kg5 b7 f5 exf5 Kxf5,b8=Q
240,Philidor Defense,e4 e5 Nf3 d6 d4 Nc6 d5 Nb4 a3 Na6 Nc3 Be7 b4 Nf6 Bg5 O-O b5 Nc5 Bxf6 Bxf6 Bd3 Qd7 O-O Nxd3 Qxd3 c6 a4 cxd5 Nxd5 Qe6 Nc7 Qg4 Nxa8 Bd7 Nc7 Rc8 Nd5 Qg6 Nxf6+ Qxf6 Rfd1 Re8 Qxd6 Bg4 Qxf6 gxf6 Rd3 Bxf3 Rxf3 Rd8 Rxf6 Kg7 Rf3 Rd2 Rg3+ Kf8 c3 Re2 f3 Rc2 Rg5 f6 Rh5 Kg7 Rd1 Kg6 Rh3 Rxc3 Rd7 Rc1+ Kf2 Rc2+ Kg3 h5 Rxb7 Kg5 Rxa7 h4+ Rxh4 Rxg2+ Kxg2 Kxh4 b6 Kg5 b7 f5 exf5 Kxf5 b8=Q,e4
241,Philidor Defense,e4 e5 Nf3 d6 d4 Nc6 d5 Nb4 a3 Na6 Nc3 Be7 b4 Nf6 Bg5 O-O b5 Nc5 Bxf6 Bxf6 Bd3 Qd7 O-O Nxd3 Qxd3 c6 a4 cxd5 Nxd5 Qe6 Nc7 Qg4 Nxa8 Bd7 Nc7 Rc8 Nd5 Qg6 Nxf6+ Qxf6 Rfd1 Re8 Qxd6 Bg4 Qxf6 gxf6 Rd3 Bxf3 Rxf3 Rd8 Rxf6 Kg7 Rf3 Rd2 Rg3+ Kf8 c3 Re2 f3 Rc2 Rg5 f6 Rh5 Kg7 Rd1 Kg6 Rh3 Rxc3 Rd7 Rc1+ Kf2 Rc2+ Kg3 h5 Rxb7 Kg5 Rxa7 h4+ Rxh4 Rxg2+ Kxg2 Kxh4 b6 Kg5 b7 f5 exf5 Kxf5 b8=Q e4,Rf7+
242,Philidor Defense,e4 e5 Nf3 d6 d4 Nc6 d5 Nb4 a3 Na6 Nc3 Be7 b4 Nf6 Bg5 O-O b5 Nc5 Bxf6 Bxf6 Bd3 Qd7 O-O Nxd3 Qxd3 c6 a4 cxd5 Nxd5 Qe6 Nc7 Qg4 Nxa8 Bd7 Nc7 Rc8 Nd5 Qg6 Nxf6+ Qxf6 Rfd1 Re8 Qxd6 Bg4 Qxf6 gxf6 Rd3 Bxf3 Rxf3 Rd8 Rxf6 Kg7 Rf3 Rd2 Rg3+ Kf8 c3 Re2 f3 Rc2 Rg5 f6 Rh5 Kg7 Rd1 Kg6 Rh3 Rxc3 Rd7 Rc1+ Kf2 Rc2+ Kg3 h5 Rxb7 Kg5 Rxa7 h4+ Rxh4 Rxg2+ Kxg2 Kxh4 b6 Kg5 b7 f5 exf5 Kxf5 b8=Q e4 Rf7+,Kg5
243,Philidor Defense,e4 e5 Nf3 d6 d4 Nc6 d5 Nb4 a3 Na6 Nc3 Be7 b4 Nf6 Bg5 O-O b5 Nc5 Bxf6 Bxf6 Bd3 Qd7 O-O Nxd3 Qxd3 c6 a4 cxd5 Nxd5 Qe6 Nc7 Qg4 Nxa8 Bd7 Nc7 Rc8 Nd5 Qg6 Nxf6+ Qxf6 Rfd1 Re8 Qxd6 Bg4 Qxf6 gxf6 Rd3 Bxf3 Rxf3 Rd8 Rxf6 Kg7 Rf3 Rd2 Rg3+ Kf8 c3 Re2 f3 Rc2 Rg5 f6 Rh5 Kg7 Rd1 Kg6 Rh3 Rxc3 Rd7 Rc1+ Kf2 Rc2+ Kg3 h5 Rxb7 Kg5 Rxa7 h4+ Rxh4 Rxg2+ Kxg2 Kxh4 b6 Kg5 b7 f5 exf5 Kxf5 b8=Q e4 Rf7+ Kg5,Qg8+
244,Philidor Defense,e4 e5 Nf3 d6 d4 Nc6 d5 Nb4 a3 Na6 Nc3 Be7 b4 Nf6 Bg5 O-O b5 Nc5 Bxf6 Bxf6 Bd3 Qd7 O-O Nxd3 Qxd3 c6 a4 cxd5 Nxd5 Qe6 Nc7 Qg4 Nxa8 Bd7 Nc7 Rc8 Nd5 Qg6 Nxf6+ Qxf6 Rfd1 Re8 Qxd6 Bg4 Qxf6 gxf6 Rd3 Bxf3 Rxf3 Rd8 Rxf6 Kg7 Rf3 Rd2 Rg3+ Kf8 c3 Re2 f3 Rc2 Rg5 f6 Rh5 Kg7 Rd1 Kg6 Rh3 Rxc3 Rd7 Rc1+ Kf2 Rc2+ Kg3 h5 Rxb7 Kg5 Rxa7 h4+ Rxh4 Rxg2+ Kxg2 Kxh4 b6 Kg5 b7 f5 exf5 Kxf5 b8=Q e4 Rf7+ Kg5 Qg8+,Kh6
245,Philidor Defense,e4 e5 Nf3 d6 d4 Nc6 d5 Nb4 a3 Na6 Nc3 Be7 b4 Nf6 Bg5 O-O b5 Nc5 Bxf6 Bxf6 Bd3 Qd7 O-O Nxd3 Qxd3 c6 a4 cxd5 Nxd5 Qe6 Nc7 Qg4 Nxa8 Bd7 Nc7 Rc8 Nd5 Qg6 Nxf6+ Qxf6 Rfd1 Re8 Qxd6 Bg4 Qxf6 gxf6 Rd3 Bxf3 Rxf3 Rd8 Rxf6 Kg7 Rf3 Rd2 Rg3+ Kf8 c3 Re2 f3 Rc2 Rg5 f6 Rh5 Kg7 Rd1 Kg6 Rh3 Rxc3 Rd7 Rc1+ Kf2 Rc2+ Kg3 h5 Rxb7 Kg5 Rxa7 h4+ Rxh4 Rxg2+ Kxg2 Kxh4 b6 Kg5 b7 f5 exf5 Kxf5 b8=Q e4 Rf7+ Kg5 Qg8+ Kh6,Rh7#
246,Sicilian Defense: Mongoose Variation,,e4
247,Sicilian Defense: Mongoose Variation,e4,c5
248,Sicilian Defense: Mongoose Variation,e4 c5,Nf3
249,Sicilian Defense: Mongoose Variation,e4 c5 Nf3,Qa5
250,Sicilian Defense: Mongoose Variation,e4 c5 Nf3 Qa5,a3
251,Blackmar-Diemer Gambit: Pietrowsky Defense,,d4
252,Blackmar-Diemer Gambit: Pietrowsky Defense,d4,d5
253,Blackmar-Diemer Gambit: Pietrowsky Defense,d4 d5,e4
254,Blackmar-Diemer Gambit: Pietrowsky Defense,d4 d5 e4,dxe4
255,Blackmar-Diemer Gambit: Pietrowsky Defense,d4 d5 e4 dxe4,Nc3
256,Blackmar-Diemer Gambit: Pietrowsky Defense,d4 d5 e4 dxe4 Nc3,Nf6
257,Blackmar-Diemer Gambit: Pietrowsky Defense,d4 d5 e4 dxe4 Nc3 Nf6,f3
258,Blackmar-Diemer Gambit: Pietrowsky Defense,d4 d5 e4 dxe4 Nc3 Nf6 f3,exf3
259,Blackmar-Diemer Gambit: Pietrowsky Defense,d4 d5 e4 dxe4 Nc3 Nf6 f3 exf3,Nxf3
260,Blackmar-Diemer Gambit: Pietrowsky DefeEQwkA7Zanse,d4 d5 e4 dxe4 Nc3 Nf6 f3 exf3 Nxf3,Nc6
261,Blackmar-Diemer Gambit: Pietrowsky Defense,d4 d5 e4 dxe4 Nc3 Nf6 f3 exf3 Nxf3 Nc6,Bb5
262,Blackmar-Diemer Gambit: Pietrowsky Defense,d4 d5 e4 dxe4 Nc3 Nf6 f3 exf3 Nxf3 Nc6 Bb5,a6
263,Blackmar-Diemer Gambit: Pietrowsky Defense,d4 d5 e4 dxe4 Nc3 Nf6 f3 exf3 Nxf3 Nc6 Bb5 a6,Bd3
264,Blackmar-Diemer Gambit: Pietrowsky Defense,d4 d5 e4 dxe4 Nc3 Nf6 f3 exf3 Nxf3 Nc6 Bb5 a6 Bd3,Bg4
265,Blackmar-Diemer Gambit: Pietrowsky Defense,d4 d5 e4 dxe4 Nc3 Nf6 f3 exf3 Nxf3 Nc6 Bb5 a6 Bd3 Bg4,O-O
266,Blackmar-Diemer Gambit: Pietrowsky Defense,d4 d5 e4 dxe4 Nc3 Nf6 f3 exf3 Nxf3 Nc6 Bb5 a6 Bd3 Bg4 O-O,Nxd4
267,Blackmar-Diemer Gambit: Pietrowsky Defense,d4 d5 e4 dxe4 Nc3 Nf6 f3 exf3 Nxf3 Nc6 Bb5 a6 Bd3 Bg4 O-O Nxd4,Be2
268,Blackmar-Diemer Gambit: Pietrowsky Defense,d4 d5 e4 dxe4 Nc3 Nf6 f3 exf3 Nxf3 Nc6 Bb5 a6 Bd3 Bg4 O-O Nxd4 Be2,Nxe2+
269,Blackmar-Diemer Gambit: Pietrowsky Defense,d4 d5 e4 dxe4 Nc3 Nf6 f3 exf3 Nxf3 Nc6 Bb5 a6 Bd3 Bg4 O-O Nxd4 Be2 Nxe2+,Qxe2
270,Blackmar-Diemer Gambit: Pietrowsky Defense,d4 d5 e4 dxe4 Nc3 Nf6 f3 exf3 Nxf3 Nc6 Bb5 a6 Bd3 Bg4 O-O Nxd4 Be2 Nxe2+ Qxe2,Bxf3
271,Blackmar-Diemer Gambit: Pietrowsky Defense,d4 d5 e4 dxe4 Nc3 Nf6 f3 exf3 Nxf3 Nc6 Bb5 a6 Bd3 Bg4 O-O Nxd4 Be2 Nxe2+ Qxe2 Bxf3,Qxf3
272,Blackmar-Diemer Gambit: Pietrowsky Defense,d4 d5 e4 dxe4 Nc3 Nf6 f3 exf3 Nxf3 Nc6 Bb5 a6 Bd3 Bg4 O-O Nxd4 Be2 Nxe2+ Qxe2 Bxf3 Qxf3,Qd4+
273,Blackmar-Diemer Gambit: Pietrowsky Defense,d4 d5 e4 dxe4 Nc3 Nf6 f3 exf3 Nxf3 Nc6 Bb5 a6 Bd3 Bg4 O-O Nxd4 Be2 Nxe2+ Qxe2 Bxf3 Qxf3 Qd4+,Be3
274,Blackmar-Diemer Gambit: Pietrowsky Defense,d4 d5 e4 dxe4 Nc3 Nf6 f3 exf3 Nxf3 Nc6 Bb5 a6 Bd3 Bg4 O-O Nxd4 Be2 Nxe2+ Qxe2 Bxf3 Qxf3 Qd4+ Be3,Qg4
275,Blackmar-Diemer Gambit: Pietrowsky Defense,d4 d5 e4 dxe4 Nc3 Nf6 f3 exf3 Nxf3 Nc6 Bb5 a6 Bd3 Bg4 O-O Nxd4 Be2 Nxe2+ Qxe2 Bxf3 Qxf3 Qd4+ Be3 Qg4,Qxb7
276,Blackmar-Diemer Gambit: Pietrowsky Defense,d4 d5 e4 dxe4 Nc3 Nf6 f3 exf3 Nxf3 Nc6 Bb5 a6 Bd3 Bg4 O-O Nxd4 Be2 Nxe2+ Qxe2 Bxf3 Qxf3 Qd4+ Be3 Qg4 Qxb7,Rd8
277,Blackmar-Diemer Gambit: Pietrowsky Defense,d4 d5 e4 dxe4 Nc3 Nf6 f3 exf3 Nxf3 Nc6 Bb5 a6 Bd3 Bg4 O-O Nxd4 Be2 Nxe2+ Qxe2 Bxf3 Qxf3 Qd4+ Be3 Qg4 Qxb7 Rd8,Qc6+
278,Blackmar-Diemer Gambit: Pietrowsky Defense,d4 d5 e4 dxe4 Nc3 Nf6 f3 exf3 Nxf3 Nc6 Bb5 a6 Bd3 Bg4 O-O Nxd4 Be2 Nxe2+ Qxe2 Bxf3 Qxf3 Qd4+ Be3 Qg4 Qxb7 Rd8 Qc6+,Nd7
279,Blackmar-Diemer Gambit: Pietrowsky Defense,d4 d5 e4 dxe4 Nc3 Nf6 f3 exf3 Nxf3 Nc6 Bb5 a6 Bd3 Bg4 O-O Nxd4 Be2 Nxe2+ Qxe2 Bxf3 Qxf3 Qd4+ Be3 Qg4 Qxb7 Rd8 Qc6+ Nd7,Nd5
280,Blackmar-Diemer Gambit: Pietrowsky Defense,d4 d5 e4 dxe4 Nc3 Nf6 f3 exf3 Nxf3 Nc6 Bb5 a6 Bd3 Bg4 O-O Nxd4 Be2 Nxe2+ Qxe2 Bxf3 Qxf3 Qd4+ Be3 Qg4 Qxb7 Rd8 Qc6+ Nd7 Nd5,e6
281,Blackmar-Diemer Gambit: Pietrowsky Defense,d4 d5 e4 dxe4 Nc3 Nf6 f3 exf3 Nxf3 Nc6 Bb5 a6 Bd3 Bg4 O-O Nxd4 Be2 Nxe2+ Qxe2 Bxf3 Qxf3 Qd4+ Be3 Qg4 Qxb7 Rd8 Qc6+ Nd7 Nd5 e6,Nxc7+
282,Blackmar-Diemer Gambit: Pietrowsky Defense,d4 d5 e4 dxe4 Nc3 Nf6 f3 exf3 Nxf3 Nc6 Bb5 a6 Bd3 Bg4 O-O Nxd4 Be2 Nxe2+ Qxe2 Bxf3 Qxf3 Qd4+ Be3 Qg4 Qxb7 Rd8 Qc6+ Nd7 Nd5 e6 Nxc7+,Ke7
283,Blackmar-Diemer Gambit: Pietrowsky Defense,d4 d5 e4 dxe4 Nc3 Nf6 f3 exf3 Nxf3 Nc6 Bb5 a6 Bd3 Bg4 O-O Nxd4 Be2 Nxe2+ Qxe2 Bxf3 Qxf3 Qd4+ Be3 Qg4 Qxb7 Rd8 Qc6+ Nd7 Nd5 e6 Nxc7+ Ke7,Bd2
284,Nimzowitsch Defense: Kennedy Variation |  Linksspringer Variation,,e4
285,Nimzowitsch Defense: Kennedy Variation |  Linksspringer Variation,e4,Nc6
286,Nimzowitsch Defense: Kennedy Variation |  Linksspringer Variation,e4 Nc6,d4
287,Nimzowitsch Defense: Kennedy Variation |  Linksspringer Variation,e4 Nc6 d4,e5
288,Nimzowitsch Defense: Kennedy Variation |  Linksspringer Variation,e4 Nc6 d4 e5,d5
289,Nimzowitsch Defense: Kennedy Variation |  Linksspringer Variation,e4 Nc6 d4 e5 d5,Nce7
290,Nimzowitsch Defense: Kennedy Variation |  Linksspringer Variation,e4 Nc6 d4 e5 d5 Nce7,c3
291,Nimzowitsch Defense: Kennedy Variation |  Linksspringer Variation,e4 Nc6 d4 e5 d5 Nce7 c3,Ng6
292,Nimzowitsch Defense: Kennedy Variation |  Linksspringer Variation,e4 Nc6 d4 e5 d5 Nce7 c3 Ng6,b4
293,Italian Game: Schilling-Kostic Gambit,,e4
294,Italian Game: Schilling-Kostic Gambit,e4,e5
295,Italian Game: Schilling-Kostic Gambit,e4 e5,Bc4
296,Italian Game: Schilling-Kostic Gambit,e4 e5 Bc4,Nc6
297,Italian Game: Schilling-Kostic Gambit,e4 e5 Bc4 Nc6,Nf3
298,Italian Game: Schilling-Kostic Gambit,e4 e5 Bc4 Nc6 Nf3,Nd4
299,Italian Game: Schilling-Kostic Gambit,e4 e5 Bc4 Nc6 Nf3 Nd4,d3
300,Italian Game: Schilling-Kostic Gambit,e4 e5 Bc4 Nc6 Nf3 Nd4 d3,Nxf3+
301,Italian Game: Schilling-Kostic Gambit,e4 e5 Bc4 Nc6 Nf3 Nd4 d3 Nxf3+,Qxf3
302,Italian Game: Schilling-Kostic Gambit,e4 e5 Bc4 Nc6 Nf3 Nd4 d3 Nxf3+ Qxf3,Nf6
303,Italian Game: Schilling-Kostic Gambit,e4 e5 Bc4 Nc6 Nf3 Nd4 d3 Nxf3+ Qxf3 Nf6,h3
304,Italian Game: Schilling-Kostic Gambit,e4 e5 Bc4 Nc6 Nf3 Nd4 d3 Nxf3+ Qxf3 Nf6 h3,Bc5
305,Italian Game: Schilling-Kostic Gambit,e4 e5 Bc4 Nc6 Nf3 Nd4 d3 Nxf3+ Qxf3 Nf6 h3 Bc5,a3
306,Italian Game: Schilling-Kostic Gambit,e4 e5 Bc4 Nc6 Nf3 Nd4 d3 Nxf3+ Qxf3 Nf6 h3 Bc5 a3,O-O
307,Italian Game: Schilling-Kostic Gambit,e4 e5 Bc4 Nc6 Nf3 Nd4 d3 Nxf3+ Qxf3 Nf6 h3 Bc5 a3 O-O,Be3
308,Italian Game: Schilling-Kostic Gambit,e4 e5 Bc4 Nc6 Nf3 Nd4 d3 Nxf3+ Qxf3 Nf6 h3 Bc5 a3 O-O Be3,Bxe3
309,Italian Game: Schilling-Kostic Gambit,e4 e5 Bc4 Nc6 Nf3 Nd4 d3 Nxf3+ Qxf3 Nf6 h3 Bc5 a3 O-O Be3 Bxe3,Qxe3
310,Italian Game: Schilling-Kostic Gambit,e4 e5 Bc4 Nc6 Nf3 Nd4 d3 Nxf3+ Qxf3 Nf6 h3 Bc5 a3 O-O Be3 Bxe3 Qxe3,Re8
311,Italian Game: Schilling-Kostic Gambit,EQwkA7Zae4 e5 Bc4 Nc6 Nf3 Nd4 d3 Nxf3+ Qxf3 Nf6 h3 Bc5 a3 O-O Be3 Bxe3 Qxe3 Re8,Qf3
312,Italian Game: Schilling-Kostic Gambit,e4 e5 Bc4 Nc6 Nf3 Nd4 d3 Nxf3+ Qxf3 Nf6 h3 Bc5 a3 O-O Be3 Bxe3 Qxe3 Re8 Qf3,c6
313,Italian Game: Schilling-Kostic Gambit,e4 e5 Bc4 Nc6 Nf3 Nd4 d3 Nxf3+ Qxf3 Nf6 h3 Bc5 a3 O-O Be3 Bxe3 Qxe3 Re8 Qf3 c6,Nc3
314,Italian Game: Schilling-Kostic Gambit,e4 e5 Bc4 Nc6 Nf3 Nd4 d3 Nxf3+ Qxf3 Nf6 h3 Bc5 a3 O-O Be3 Bxe3 Qxe3 Re8 Qf3 c6 Nc3,b5
315,Italian Game: Schilling-Kostic Gambit,e4 e5 Bc4 Nc6 Nf3 Nd4 d3 Nxf3+ Qxf3 Nf6 h3 Bc5 a3 O-O Be3 Bxe3 Qxe3 Re8 Qf3 c6 Nc3 b5,Bb3
316,Italian Game: Schilling-Kostic Gambit,e4 e5 Bc4 Nc6 Nf3 Nd4 d3 Nxf3+ Qxf3 Nf6 h3 Bc5 a3 O-O Be3 Bxe3 Qxe3 Re8 Qf3 c6 Nc3 b5 Bb3,Qa5
317,Italian Game: Schilling-Kostic Gambit,e4 e5 Bc4 Nc6 Nf3 Nd4 d3 Nxf3+ Qxf3 Nf6 h3 Bc5 a3 O-O Be3 Bxe3 Qxe3 Re8 Qf3 c6 Nc3 b5 Bb3 Qa5,O-O
318,Italian Game: Schilling-Kostic Gambit,e4 e5 Bc4 Nc6 Nf3 Nd4 d3 Nxf3+ Qxf3 Nf6 h3 Bc5 a3 O-O Be3 Bxe3 Qxe3 Re8 Qf3 c6 Nc3 b5 Bb3 Qa5 O-O,Bb7
319,Italian Game: Schilling-Kostic Gambit,e4 e5 Bc4 Nc6 Nf3 Nd4 d3 Nxf3+ Qxf3 Nf6 h3 Bc5 a3 O-O Be3 Bxe3 Qxe3 Re8 Qf3 c6 Nc3 b5 Bb3 Qa5 O-O Bb7,Ne2
320,Italian Game: Schilling-Kostic Gambit,e4 e5 Bc4 Nc6 Nf3 Nd4 d3 Nxf3+ Qxf3 Nf6 h3 Bc5 a3 O-O Be3 Bxe3 Qxe3 Re8 Qf3 c6 Nc3 b5 Bb3 Qa5 O-O Bb7 Ne2,c5
321,Italian Game: Schilling-Kostic Gambit,e4 e5 Bc4 Nc6 Nf3 Nd4 d3 Nxf3+ Qxf3 Nf6 h3 Bc5 a3 O-O Be3 Bxe3 Qxe3 Re8 Qf3 c6 Nc3 b5 Bb3 Qa5 O-O Bb7 Ne2 c5,Rfd1
322,Italian Game: Schilling-Kostic Gambit,e4 e5 Bc4 Nc6 Nf3 Nd4 d3 Nxf3+ Qxf3 Nf6 h3 Bc5 a3 O-O Be3 Bxe3 Qxe3 Re8 Qf3 c6 Nc3 b5 Bb3 Qa5 O-O Bb7 Ne2 c5 Rfd1,d6
323,Italian Game: Schilling-Kostic Gambit,e4 e5 Bc4 Nc6 Nf3 Nd4 d3 Nxf3+ Qxf3 Nf6 h3 Bc5 a3 O-O Be3 Bxe3 Qxe3 Re8 Qf3 c6 Nc3 b5 Bb3 Qa5 O-O Bb7 Ne2 c5 Rfd1 d6,c4
324,Italian Game: Schilling-Kostic Gambit,e4 e5 Bc4 Nc6 Nf3 Nd4 d3 Nxf3+ Qxf3 Nf6 h3 Bc5 a3 O-O Be3 Bxe3 Qxe3 Re8 Qf3 c6 Nc3 b5 Bb3 Qa5 O-O Bb7 Ne2 c5 Rfd1 d6 c4,bxc4
325,Italian Game: Schilling-Kostic Gambit,e4 e5 Bc4 Nc6 Nf3 Nd4 d3 Nxf3+ Qxf3 Nf6 h3 Bc5 a3 O-O Be3 Bxe3 Qxe3 Re8 Qf3 c6 Nc3 b5 Bb3 Qa5 O-O Bb7 Ne2 c5 Rfd1 d6 c4 bxc4,dxc4
326,Italian Game: Schilling-Kostic Gambit,e4 e5 Bc4 Nc6 Nf3 Nd4 d3 Nxf3+ Qxf3 Nf6 h3 Bc5 a3 O-O Be3 Bxe3 Qxe3 Re8 Qf3 c6 Nc3 b5 Bb3 Qa5 O-O Bb7 Ne2 c5 Rfd1 d6 c4 bxc4 dxc4,Rac8
327,Italian Game: Schilling-Kostic Gambit,e4 e5 Bc4 Nc6 Nf3 Nd4 d3 Nxf3+ Qxf3 Nf6 h3 Bc5 a3 O-O Be3 Bxe3 Qxe3 Re8 Qf3 c6 Nc3 b5 Bb3 Qa5 O-O Bb7 Ne2 c5 Rfd1 d6 c4 bxc4 dxc4 Rac8,Rd5
328,Italian Game: Schilling-Kostic Gambit,e4 e5 Bc4 Nc6 Nf3 Nd4 d3 Nxf3+ Qxf3 Nf6 h3 Bc5 a3 O-O Be3 Bxe3 Qxe3 Re8 Qf3 c6 Nc3 b5 Bb3 Qa5 O-O Bb7 Ne2 c5 Rfd1 d6 c4 bxc4 dxc4 Rac8 Rd5,Bxd5
329,Italian Game: Schilling-Kostic Gambit,e4 e5 Bc4 Nc6 Nf3 Nd4 d3 Nxf3+ Qxf3 Nf6 h3 Bc5 a3 O-O Be3 Bxe3 Qxe3 Re8 Qf3 c6 Nc3 b5 Bb3 Qa5 O-O Bb7 Ne2 c5 Rfd1 d6 c4 bxc4 dxc4 Rac8 Rd5 Bxd5,exd5
330,Italian Game: Schilling-Kostic Gambit,e4 e5 Bc4 Nc6 Nf3 Nd4 d3 Nxf3+ Qxf3 Nf6 h3 Bc5 a3 O-O Be3 Bxe3 Qxe3 Re8 Qf3 c6 Nc3 b5 Bb3 Qa5 O-O Bb7 Ne2 c5 Rfd1 d6 c4 bxc4 dxc4 Rac8 Rd5 Bxd5 exd5,Qb6
331,Italian Game: Schilling-Kostic Gambit,e4 e5 Bc4 Nc6 Nf3 Nd4 d3 Nxf3+ Qxf3 Nf6 h3 Bc5 a3 O-O Be3 Bxe3 Qxe3 Re8 Qf3 c6 Nc3 b5 Bb3 Qa5 O-O Bb7 Ne2 c5 Rfd1 d6 c4 bxc4 dxc4 Rac8 Rd5 Bxd5 exd5 Qb6,Nc1
332,Italian Game: Schilling-Kostic Gambit,e4 e5 Bc4 Nc6 Nf3 Nd4 d3 Nxf3+ Qxf3 Nf6 h3 Bc5 a3 O-O Be3 Bxe3 Qxe3 Re8 Qf3 c6 Nc3 b5 Bb3 Qa5 O-O Bb7 Ne2 c5 Rfd1 d6 c4 bxc4 dxc4 Rac8 Rd5 Bxd5 exd5 Qb6 Nc1,e4
333,Italian Game: Schilling-Kostic Gambit,e4 e5 Bc4 Nc6 Nf3 Nd4 d3 Nxf3+ Qxf3 Nf6 h3 Bc5 a3 O-O Be3 Bxe3 Qxe3 Re8 Qf3 c6 Nc3 b5 Bb3 Qa5 O-O Bb7 Ne2 c5 Rfd1 d6 c4 bxc4 dxc4 Rac8 Rd5 Bxd5 exd5 Qb6 Nc1 e4,Qf4
334,Italian Game: Schilling-Kostic Gambit,e4 e5 Bc4 Nc6 Nf3 Nd4 d3 Nxf3+ Qxf3 Nf6 h3 Bc5 a3 O-O Be3 Bxe3 Qxe3 Re8 Qf3 c6 Nc3 b5 Bb3 Qa5 O-O Bb7 Ne2 c5 Rfd1 d6 c4 bxc4 dxc4 Rac8 Rd5 Bxd5 exd5 Qb6 Nc1 e4 Qf4,Nh5
335,Italian Game: Schilling-Kostic Gambit,e4 e5 Bc4 Nc6 Nf3 Nd4 d3 Nxf3+ Qxf3 Nf6 h3 Bc5 a3 O-O Be3 Bxe3 Qxe3 Re8 Qf3 c6 Nc3 b5 Bb3 Qa5 O-O Bb7 Ne2 c5 Rfd1 d6 c4 bxc4 dxc4 Rac8 Rd5 Bxd5 exd5 Qb6 Nc1 e4 Qf4 Nh5,Qg4
336,Italian Game: Schilling-Kostic Gambit,e4 e5 Bc4 Nc6 Nf3 Nd4 d3 Nxf3+ Qxf3 Nf6 h3 Bc5 a3 O-O Be3 Bxe3 Qxe3 Re8 Qf3 c6 Nc3 b5 Bb3 Qa5 O-O Bb7 Ne2 c5 Rfd1 d6 c4 bxc4 dxc4 Rac8 Rd5 Bxd5 exd5 Qb6 Nc1 e4 Qf4 Nh5 Qg4,Nf6
337,Italian Game: Schilling-Kostic Gambit,e4 e5 Bc4 Nc6 Nf3 Nd4 d3 Nxf3+ Qxf3 Nf6 h3 Bc5 a3 O-O Be3 Bxe3 Qxe3 Re8 Qf3 c6 Nc3 b5 Bb3 Qa5 O-O Bb7 Ne2 c5 Rfd1 d6 c4 bxc4 dxc4 Rac8 Rd5 Bxd5 exd5 Qb6 Nc1 e4 Qf4 Nh5 Qg4 Nf6,Qf4
338,Italian Game: Schilling-Kostic Gambit,e4 e5 Bc4 Nc6 Nf3 Nd4 d3 Nxf3+ Qxf3 Nf6 h3 Bc5EQwkA7Za a3 O-O Be3 Bxe3 Qxe3 Re8 Qf3 c6 Nc3 b5 Bb3 Qa5 O-O Bb7 Ne2 c5 Rfd1 d6 c4 bxc4 dxc4 Rac8 Rd5 Bxd5 exd5 Qb6 Nc1 e4 Qf4 Nh5 Qg4 Nf6 Qf4,Qa5
339,Italian Game: Schilling-Kostic Gambit,e4 e5 Bc4 Nc6 Nf3 Nd4 d3 Nxf3+ Qxf3 Nf6 h3 Bc5 a3 O-O Be3 Bxe3 Qxe3 Re8 Qf3 c6 Nc3 b5 Bb3 Qa5 O-O Bb7 Ne2 c5 Rfd1 d6 c4 bxc4 dxc4 Rac8 Rd5 Bxd5 exd5 Qb6 Nc1 e4 Qf4 Nh5 Qg4 Nf6 Qf4 Qa5,Bc2
340,Italian Game: Schilling-Kostic Gambit,e4 e5 Bc4 Nc6 Nf3 Nd4 d3 Nxf3+ Qxf3 Nf6 h3 Bc5 a3 O-O Be3 Bxe3 Qxe3 Re8 Qf3 c6 Nc3 b5 Bb3 Qa5 O-O Bb7 Ne2 c5 Rfd1 d6 c4 bxc4 dxc4 Rac8 Rd5 Bxd5 exd5 Qb6 Nc1 e4 Qf4 Nh5 Qg4 Nf6 Qf4 Qa5 Bc2,Qe1+
341,Italian Game: Schilling-Kostic Gambit,e4 e5 Bc4 Nc6 Nf3 Nd4 d3 Nxf3+ Qxf3 Nf6 h3 Bc5 a3 O-O Be3 Bxe3 Qxe3 Re8 Qf3 c6 Nc3 b5 Bb3 Qa5 O-O Bb7 Ne2 c5 Rfd1 d6 c4 bxc4 dxc4 Rac8 Rd5 Bxd5 exd5 Qb6 Nc1 e4 Qf4 Nh5 Qg4 Nf6 Qf4 Qa5 Bc2 Qe1+,Kh2
342,Italian Game: Schilling-Kostic Gambit,e4 e5 Bc4 Nc6 Nf3 Nd4 d3 Nxf3+ Qxf3 Nf6 h3 Bc5 a3 O-O Be3 Bxe3 Qxe3 Re8 Qf3 c6 Nc3 b5 Bb3 Qa5 O-O Bb7 Ne2 c5 Rfd1 d6 c4 bxc4 dxc4 Rac8 Rd5 Bxd5 exd5 Qb6 Nc1 e4 Qf4 Nh5 Qg4 Nf6 Qf4 Qa5 Bc2 Qe1+ Kh2,Nh5
343,Italian Game: Schilling-Kostic Gambit,e4 e5 Bc4 Nc6 Nf3 Nd4 d3 Nxf3+ Qxf3 Nf6 h3 Bc5 a3 O-O Be3 Bxe3 Qxe3 Re8 Qf3 c6 Nc3 b5 Bb3 Qa5 O-O Bb7 Ne2 c5 Rfd1 d6 c4 bxc4 dxc4 Rac8 Rd5 Bxd5 exd5 Qb6 Nc1 e4 Qf4 Nh5 Qg4 Nf6 Qf4 Qa5 Bc2 Qe1+ Kh2 Nh5,Qxd6
344,Italian Game: Schilling-Kostic Gambit,e4 e5 Bc4 Nc6 Nf3 Nd4 d3 Nxf3+ Qxf3 Nf6 h3 Bc5 a3 O-O Be3 Bxe3 Qxe3 Re8 Qf3 c6 Nc3 b5 Bb3 Qa5 O-O Bb7 Ne2 c5 Rfd1 d6 c4 bxc4 dxc4 Rac8 Rd5 Bxd5 exd5 Qb6 Nc1 e4 Qf4 Nh5 Qg4 Nf6 Qf4 Qa5 Bc2 Qe1+ Kh2 Nh5 Qxd6,Qxf2
345,Italian Game: Schilling-Kostic Gambit,e4 e5 Bc4 Nc6 Nf3 Nd4 d3 Nxf3+ Qxf3 Nf6 h3 Bc5 a3 O-O Be3 Bxe3 Qxe3 Re8 Qf3 c6 Nc3 b5 Bb3 Qa5 O-O Bb7 Ne2 c5 Rfd1 d6 c4 bxc4 dxc4 Rac8 Rd5 Bxd5 exd5 Qb6 Nc1 e4 Qf4 Nh5 Qg4 Nf6 Qf4 Qa5 Bc2 Qe1+ Kh2 Nh5 Qxd6 Qxf2,Bxe4
346,Italian Game: Schilling-Kostic Gambit,e4 e5 Bc4 Nc6 Nf3 Nd4 d3 Nxf3+ Qxf3 Nf6 h3 Bc5 a3 O-O Be3 Bxe3 Qxe3 Re8 Qf3 c6 Nc3 b5 Bb3 Qa5 O-O Bb7 Ne2 c5 Rfd1 d6 c4 bxc4 dxc4 Rac8 Rd5 Bxd5 exd5 Qb6 Nc1 e4 Qf4 Nh5 Qg4 Nf6 Qf4 Qa5 Bc2 Qe1+ Kh2 Nh5 Qxd6 Qxf2 Bxe4,Rxe4
347,Italian Game: Schilling-Kostic Gambit,e4 e5 Bc4 Nc6 Nf3 Nd4 d3 Nxf3+ Qxf3 Nf6 h3 Bc5 a3 O-O Be3 Bxe3 Qxe3 Re8 Qf3 c6 Nc3 b5 Bb3 Qa5 O-O Bb7 Ne2 c5 Rfd1 d6 c4 bxc4 dxc4 Rac8 Rd5 Bxd5 exd5 Qb6 Nc1 e4 Qf4 Nh5 Qg4 Nf6 Qf4 Qa5 Bc2 Qe1+ Kh2 Nh5 Qxd6 Qxf2 Bxe4 Rxe4,Nd3
348,Italian Game: Schilling-Kostic Gambit,e4 e5 Bc4 Nc6 Nf3 Nd4 d3 Nxf3+ Qxf3 Nf6 h3 Bc5 a3 O-O Be3 Bxe3 Qxe3 Re8 Qf3 c6 Nc3 b5 Bb3 Qa5 O-O Bb7 Ne2 c5 Rfd1 d6 c4 bxc4 dxc4 Rac8 Rd5 Bxd5 exd5 Qb6 Nc1 e4 Qf4 Nh5 Qg4 Nf6 Qf4 Qa5 Bc2 Qe1+ Kh2 Nh5 Qxd6 Qxf2 Bxe4 Rxe4 Nd3,Qg3+
349,Italian Game: Schilling-Kostic Gambit,e4 e5 Bc4 Nc6 Nf3 Nd4 d3 Nxf3+ Qxf3 Nf6 h3 Bc5 a3 O-O Be3 Bxe3 Qxe3 Re8 Qf3 c6 Nc3 b5 Bb3 Qa5 O-O Bb7 Ne2 c5 Rfd1 d6 c4 bxc4 dxc4 Rac8 Rd5 Bxd5 exd5 Qb6 Nc1 e4 Qf4 Nh5 Qg4 Nf6 Qf4 Qa5 Bc2 Qe1+ Kh2 Nh5 Qxd6 Qxf2 Bxe4 Rxe4 Nd3 Qg3+,Kg1
350,Italian Game: Schilling-Kostic Gambit,e4 e5 Bc4 Nc6 Nf3 Nd4 d3 Nxf3+ Qxf3 Nf6 h3 Bc5 a3 O-O Be3 Bxe3 Qxe3 Re8 Qf3 c6 Nc3 b5 Bb3 Qa5 O-O Bb7 Ne2 c5 Rfd1 d6 c4 bxc4 dxc4 Rac8 Rd5 Bxd5 exd5 Qb6 Nc1 e4 Qf4 Nh5 Qg4 Nf6 Qf4 Qa5 Bc2 Qe1+ Kh2 Nh5 Qxd6 Qxf2 Bxe4 Rxe4 Nd3 Qg3+ Kg1,Qxd3
351,Italian Game: Schilling-Kostic Gambit,e4 e5 Bc4 Nc6 Nf3 Nd4 d3 Nxf3+ Qxf3 Nf6 h3 Bc5 a3 O-O Be3 Bxe3 Qxe3 Re8 Qf3 c6 Nc3 b5 Bb3 Qa5 O-O Bb7 Ne2 c5 Rfd1 d6 c4 bxc4 dxc4 Rac8 Rd5 Bxd5 exd5 Qb6 Nc1 e4 Qf4 Nh5 Qg4 Nf6 Qf4 Qa5 Bc2 Qe1+ Kh2 Nh5 Qxd6 Qxf2 Bxe4 Rxe4 Nd3 Qg3+ Kg1 Qxd3,Rf1
352,Italian Game: Schilling-Kostic Gambit,e4 e5 Bc4 Nc6 Nf3 Nd4 d3 Nxf3+ Qxf3 Nf6 h3 Bc5 a3 O-O Be3 Bxe3 Qxe3 Re8 Qf3 c6 Nc3 b5 Bb3 Qa5 O-O Bb7 Ne2 c5 Rfd1 d6 c4 bxc4 dxc4 Rac8 Rd5 Bxd5 exd5 Qb6 Nc1 e4 Qf4 Nh5 Qg4 Nf6 Qf4 Qa5 Bc2 Qe1+ Kh2 Nh5 Qxd6 Qxf2 Bxe4 Rxe4 Nd3 Qg3+ Kg1 Qxd3 Rf1,Rce8
353,Italian Game: Schilling-Kostic Gambit,e4 e5 Bc4 Nc6 Nf3 Nd4 d3 Nxf3+ Qxf3 Nf6 h3 Bc5 a3 O-O Be3 Bxe3 Qxe3 Re8 Qf3 c6 Nc3 b5 Bb3 Qa5 O-O Bb7 Ne2 c5 Rfd1 d6 c4 bxc4 dxc4 Rac8 Rd5 Bxd5 exd5 Qb6 Nc1 e4 Qf4 Nh5 Qg4 Nf6 Qf4 Qa5 Bc2 Qe1+ Kh2 Nh5 Qxd6 Qxf2 Bxe4 Rxe4 Nd3 Qg3+ Kg1 Qxd3 Rf1 Rce8,Qd7
354,Italian Game: Schilling-Kostic Gambit,e4 e5 Bc4 Nc6 Nf3 Nd4 d3 Nxf3+ Qxf3 Nf6 h3 Bc5 a3 O-O Be3 Bxe3 Qxe3 Re8 Qf3 c6 Nc3 b5 Bb3 Qa5 O-O Bb7 Ne2 c5 Rfd1 d6 c4 bxc4 dxc4 Rac8 Rd5 Bxd5 exd5 Qb6 Nc1 e4 Qf4 Nh5 Qg4 Nf6 Qf4 Qa5 Bc2 Qe1+ Kh2 Nh5 Qxd6 Qxf2 Bxe4 Rxe4 Nd3 Qg3+ Kg1 Qxd3 Rf1 Rce8 Qd7,Qe3+
355,Italian Game: Schilling-Kostic Gambit,e4 e5 Bc4 Nc6 Nf3 Nd4 d3 Nxf3+ Qxf3 Nf6 h3 Bc5 a3 O-O Be3 Bxe3 Qxe3 Re8 Qf3 c6 Nc3 b5 Bb3 Qa5 O-O Bb7 Ne2 c5 Rfd1 d6 c4 bxc4 dxc4 Rac8 Rd5 Bxd5 exd5 Qb6 Nc1 e4 Qf4 Nh5 Qg4 Nf6 Qf4 Qa5 Bc2 Qe1+ Kh2 Nh5 Qxd6 Qxf2 Bxe4 Rxe4 Nd3 Qg3+ Kg1 Qxd3 Rf1 Rce8 Qd7 Qe3+,Kh1
356,Italian Game: Schilling-Kostic Gambit,e4 e5 Bc4 Nc6 Nf3 Nd4 d3 Nxf3+ Qxf3 Nf6 h3 Bc5 a3 O-O Be3 Bxe3 Qxe3 Re8 Qf3 c6 Nc3 b5 Bb3 Qa5 O-O Bb7 Ne2 c5 Rfd1 d6 c4 bxc4 dxc4 Rac8 Rd5 Bxd5 exd5 Qb6 Nc1 e4 Qf4 Nh5 Qg4 Nf6 Qf4 Qa5 Bc2 Qe1+ Kh2 Nh5 Qxd6 Qxf2 Bxe4 Rxe4 Nd3 Qg3+ Kg1 Qxd3 Rf1 Rce8 Qd7 Qe3+ Kh1,Ng3+
357,Italian Game: Schilling-Kostic Gambit,e4 e5 Bc4 Nc6 Nf3 Nd4 d3 Nxf3+ Qxf3 Nf6 h3 Bc5 a3 O-O Be3 Bxe3 Qxe3 Re8 Qf3 c6 Nc3 b5 Bb3 Qa5 O-O Bb7 Ne2 c5 Rfd1 d6 c4 bxc4 dxc4 Rac8 Rd5 Bxd5 exd5 Qb6 Nc1 e4 Qf4 Nh5 Qg4 Nf6 Qf4 Qa5 Bc2 Qe1+ Kh2 Nh5 Qxd6 Qxf2 Bxe4 Rxe4 Nd3 Qg3+ Kg1 Qxd3 Rf1 Rce8 Qd7 Qe3+ Kh1 Ng3+,Kh2
358,Italian Game: Schilling-Kostic Gambit,e4 e5 Bc4 Nc6 Nf3 Nd4 d3 Nxf3+ Qxf3 Nf6 h3 Bc5 a3 O-O Be3 Bxe3 Qxe3 Re8 Qf3 c6 Nc3 b5 Bb3 Qa5 O-O Bb7 Ne2 c5 Rfd1 d6 c4 bxc4 dxc4 Rac8 Rd5 Bxd5 exd5 Qb6 Nc1 e4 Qf4 Nh5 Qg4 Nf6 Qf4 Qa5 Bc2 Qe1+ Kh2 Nh5 Qxd6 Qxf2 Bxe4 Rxe4 Nd3 Qg3+ Kg1 Qxd3 Rf1 Rce8 Qd7 Qe3+ Kh1 Ng3+ Kh2,Nxf1+
359,Scandinavian Defense: Mieses-Kotroc Variation,,e4
360,Scandinavian Defense: Mieses-Kotroc Variation,e4,d5
361,Scandinavian Defense: Mieses-Kotroc Variation,e4 d5,exd5
362,Scandinavian Defense: Mieses-Kotroc Variation,e4 d5 exd5,Qxd5
363,Scandinavian Defense: Mieses-Kotroc Variation,e4 d5 exd5 Qxd5,Nc3
364,Scandinavian Defense: Mieses-Kotroc Variation,e4 d5 exd5 Qxd5 Nc3,Qe5+
365,Scandinavian Defense: Mieses-Kotroc Variation,e4 d5 exd5 Qxd5 Nc3 Qe5+,Be2
366,Scandinavian Defense: Mieses-Kotroc Variation,e4 d5 exd5 Qxd5 Nc3 Qe5+ Be2,Na6
367,Scandinavian Defense: Mieses-Kotroc Variation,e4 d5 exd5 Qxd5 Nc3 Qe5+ Be2 Na6,d4
368,Scandinavian Defense: Mieses-Kotroc Variation,e4 d5 exd5 Qxd5 Nc3 Qe5+ Be2 Na6 d4,Qf5
369,Scandinavian Defense: Mieses-Kotroc Variation,e4 d5 exd5 Qxd5 Nc3 Qe5+ Be2 Na6 d4 Qf5,Bxa6
370,Scandinavian Defense: Mieses-Kotroc Variation,e4 d5 exd5 Qxd5 Nc3 Qe5+ Be2 Na6 d4 Qf5 Bxa6,bxa6
371,Scandinavian Defense: Mieses-Kotroc Variation,e4 d5 exd5 Qxd5 Nc3 Qe5+ Be2 Na6 d4 Qf5 Bxa6 bxa6,Nf3
372,Scandinavian Defense: Mieses-Kotroc Variation,e4 d5 exd5 Qxd5 Nc3 Qe5+ Be2 Na6 d4 Qf5 Bxa6 bxa6 Nf3,Qe6+
373,Scandinavian Defense: Mieses-Kotroc Variation,e4 d5 exd5 Qxd5 Nc3 Qe5+ Be2 Na6 d4 Qf5 Bxa6 bxa6 Nf3 Qe6+,Be3
374,Scandinavian Defense: Mieses-Kotroc Variation,e4 d5 exd5 Qxd5 Nc3 Qe5+ Be2 Na6 d4 Qf5 Bxa6 bxa6 Nf3 Qe6+ Be3,Bb7
375,Scandinavian Defense: Mieses-Kotroc Variation,e4 d5 exd5 Qxd5 Nc3 Qe5+ Be2 Na6 d4 Qf5 Bxa6 bxa6 Nf3 Qe6+ Be3 Bb7,Ng5
376,Scandinavian Defense: Mieses-Kotroc Variation,e4 d5 exd5 Qxd5 Nc3 Qe5+ Be2 Na6 d4 Qf5 Bxa6 bxa6 Nf3 Qe6+ Be3 Bb7 Ng5,Qc4
377,Scandinavian Defense: Mieses-Kotroc Variation,e4 d5 exd5 Qxd5 Nc3 Qe5+ Be2 Na6 d4 Qf5 Bxa6 bxa6 Nf3 Qe6+ Be3 Bb7 Ng5 Qc4,Qh5
378,Scandinavian Defense: Mieses-Kotroc Variation,e4 d5 exd5 Qxd5 Nc3 Qe5+ Be2 Na6 d4 Qf5 Bxa6 bxa6 Nf3 Qe6+ Be3 Bb7 Ng5 Qc4 Qh5,Bxg2
379,Scandinavian Defense: Mieses-Kotroc Variation,e4 d5 exd5 Qxd5 Nc3 Qe5+ Be2 Na6 d4 Qf5 Bxa6 bxa6 Nf3 Qe6+ Be3 Bb7 Ng5 Qc4 Qh5 Bxg2,Qxf7+
380,Scandinavian Defense: Mieses-Kotroc Variation,e4 d5 exd5 Qxd5 Nc3 Qe5+ Be2 Na6 d4 Qf5 Bxa6 bxa6 Nf3 Qe6+ Be3 Bb7 Ng5 Qc4 Qh5 Bxg2 Qxf7+,Qxf7
381,Scandinavian Defense: Mieses-Kotroc Variation,e4 d5 exd5 Qxd5 Nc3 Qe5+ Be2 Na6 d4 Qf5 Bxa6 bxa6 Nf3 Qe6+ Be3 Bb7 Ng5 Qc4 Qh5 Bxg2 Qxf7+ Qxf7,Nxf7
382,Scandinavian Defense: Mieses-Kotroc Variation,e4 d5 exd5 Qxd5 Nc3 Qe5+ Be2 Na6 d4 Qf5 Bxa6 bxa6 Nf3 Qe6+ Be3 Bb7 Ng5 Qc4 Qh5 Bxg2 Qxf7+ Qxf7 Nxf7,Kxf7
383,Scandinavian Defense: Mieses-Kotroc Variation,e4 d5 exd5 Qxd5 Nc3 Qe5+ Be2 Na6 d4 Qf5 Bxa6 bxa6 Nf3 Qe6+ Be3 Bb7 Ng5 Qc4 Qh5 Bxg2 Qxf7+ Qxf7 Nxf7 Kxf7,Rg1
384,Scandinavian Defense: Mieses-Kotroc Variation,e4 d5 exd5 Qxd5 Nc3 Qe5+ Be2 Na6 d4 Qf5 Bxa6 bxa6 Nf3 Qe6+ Be3 Bb7 Ng5 Qc4 Qh5 Bxg2 Qxf7+ Qxf7 Nxf7 Kxf7 Rg1,Bf3
385,Scandinavian Defense: Mieses-Kotroc Variation,e4 d5 exd5 Qxd5 Nc3 Qe5+ Be2 Na6 d4 Qf5 Bxa6 bxa6 Nf3 Qe6+ Be3 Bb7 Ng5 Qc4 Qh5 Bxg2 Qxf7+ Qxf7 Nxf7 Kxf7 Rg1 Bf3,Rg3
386,Scandinavian Defense: Mieses-Kotroc Variation,e4 d5 exd5 Qxd5 Nc3 Qe5+ Be2 Na6 d4 Qf5 Bxa6 bxa6 Nf3 Qe6+ Be3 Bb7 Ng5 Qc4 Qh5 Bxg2 Qxf7+ Qxf7 Nxf7 Kxf7 Rg1 Bf3 Rg3,Bh5
387,Scandinavian Defense: Mieses-Kotroc Variation,e4 d5 exd5 Qxd5 Nc3 Qe5+ Be2 Na6 d4 Qf5 Bxa6 bxa6 Nf3 Qe6+ Be3 Bb7 Ng5 Qc4 Qh5 Bxg2 Qxf7+ Qxf7 Nxf7 Kxf7 Rg1 Bf3 Rg3 Bh5,Rh3
388,Scandinavian Defense: Mieses-Kotroc Variation,e4 d5 exd5 Qxd5 Nc3 Qe5+ Be2 Na6 d4 Qf5 Bxa6 bxa6 Nf3 Qe6+ Be3 Bb7 Ng5 Qc4 Qh5 Bxg2 Qxf7+ Qxf7 Nxf7 Kxf7 Rg1 Bf3 Rg3 Bh5 Rh3,g6
389,Scandinavian Defense: Mieses-Kotroc Variation,e4 d5 exd5 Qxd5 Nc3 Qe5+ Be2 Na6 d4 Qf5 Bxa6 bxa6 Nf3 Qe6+ Be3 Bb7 Ng5 Qc4 Qh5 Bxg2 Qxf7+ Qxf7 Nxf7 Kxf7 Rg1 Bf3 Rg3 Bh5 Rh3 g6,Ne4
390,Scandinavian Defense: Mieses-Kotroc Variation,e4 d5 exd5 Qxd5 Nc3 Qe5+ Be2 Na6 d4 Qf5 Bxa6 bxa6 Nf3 Qe6+ Be3 Bb7 Ng5 Qc4 Qh5 Bxg2 Qxf7+ Qxf7 Nxf7 Kxf7 Rg1 Bf3 Rg3 Bh5 Rh3 g6 Ne4,Nf6
391,Scandinavian Defense: Mieses-Kotroc Variation,e4 d5 exd5 Qxd5 Nc3 Qe5+ Be2 Na6 d4 Qf5 Bxa6 bxa6 Nf3 Qe6+ Be3 Bb7 Ng5 Qc4 Qh5 Bxg2 Qxf7+ Qxf7 Nxf7 Kxf7 Rg1 Bf3 Rg3 Bh5 Rh3 g6 Ne4 Nf6,Nc5
392,Scandinavian Defense: Mieses-Kotroc Variation,e4 d5 exd5 Qxd5 Nc3 Qe5+ Be2 Na6 d4 Qf5 Bxa6 bxa6 Nf3 Qe6+ Be3 Bb7 Ng5 Qc4 Qh5 Bxg2 Qxf7+ Qxf7 Nxf7 Kxf7 Rg1 Bf3 Rg3 Bh5 Rh3 g6 Ne4 Nf6 Nc5,e6
393,Scandinavian Defense: Mieses-Kotroc Variation,e4 d5 exd5 Qxd5 Nc3 Qe5+ Be2 Na6 d4 Qf5 Bxa6 bxa6 Nf3 Qe6+ Be3 Bb7 Ng5 Qc4 Qh5 Bxg2 Qxf7+ Qxf7 Nxf7 Kxf7 Rg1 Bf3 Rg3 Bh5 Rh3 g6 Ne4 Nf6 Nc5 e6,Nxa6
394,Scandinavian Defense: Mieses-Kotroc Variation,e4 d5 exd5 Qxd5 Nc3 Qe5+ Be2 Na6 d4 Qf5 Bxa6 bxa6 Nf3 Qe6+ Be3 Bb7 Ng5 Qc4 Qh5 Bxg2 Qxf7+ Qxf7 Nxf7 Kxf7 Rg1 Bf3 Rg3 Bh5 Rh3 g6 Ne4 Nf6 Nc5 e6 Nxa6,Rc8
395,Scandinavian Defense: Mieses-Kotroc Variation,e4 d5 exd5 Qxd5 Nc3 Qe5+ Be2 Na6 d4 Qf5 Bxa6 bxa6 Nf3 Qe6+ Be3 Bb7 Ng5 Qc4 Qh5 Bxg2 Qxf7+ Qxf7 Nxf7 Kxf7 Rg1 Bf3 Rg3 Bh5 Rh3 g6 Ne4 Nf6 Nc5 e6 Nxa6 Rc8,Bf4
396,Scandinavian Defense: Mieses-Kotroc Variation,e4 d5 exd5 Qxd5 Nc3 Qe5+ Be2 Na6 d4 Qf5 Bxa6 bxa6 Nf3 Qe6+ Be3 Bb7 Ng5 Qc4 Qh5 Bxg2 Qxf7+ Qxf7 Nxf7 Kxf7 Rg1 Bf3 Rg3 Bh5 Rh3 g6 Ne4 Nf6 Nc5 e6 Nxa6 Rc8 Bf4,Bg4
397,Scandinavian Defense: Mieses-Kotroc Variation,e4 d5 exd5 Qxd5 Nc3 Qe5+ Be2 Na6 d4 Qf5 Bxa6 bxa6 Nf3 Qe6+ Be3 Bb7 Ng5 Qc4 Qh5 Bxg2 Qxf7+ Qxf7 Nxf7 Kxf7 Rg1 Bf3 Rg3 Bh5 Rh3 g6 Ne4 Nf6 Nc5 e6 Nxa6 Rc8 Bf4 Bg4,Rg3
398,Scandinavian Defense: Mieses-Kotroc Variation,e4 d5 exd5 Qxd5 Nc3 Qe5+ Be2 Na6 d4 Qf5 Bxa6 bxa6 Nf3 Qe6+ Be3 Bb7 Ng5 Qc4 Qh5 Bxg2 Qxf7+ Qxf7 Nxf7 Kxf7 Rg1 Bf3 Rg3 Bh5 Rh3 g6 Ne4 Nf6 Nc5 e6 Nxa6 Rc8 Bf4 Bg4 Rg3,c6
399,Scandinavian Defense: Mieses-Kotroc Variation,e4 d5 exd5 Qxd5 Nc3 Qe5+ Be2 Na6 d4 Qf5 Bxa6 bxa6 Nf3 Qe6+ Be3 Bb7 Ng5 Qc4 Qh5 Bxg2 Qxf7+ Qxf7 Nxf7 Kxf7 Rg1 Bf3 Rg3 Bh5 Rh3 g6 Ne4 Nf6 Nc5 e6 Nxa6 Rc8 Bf4 Bg4 Rg3 c6,Nb4
400,Scandinavian Defense: Mieses-Kotroc Variation,e4 d5 exd5 Qxd5 Nc3 Qe5+ Be2 Na6 d4 Qf5 Bxa6 bxa6 Nf3 Qe6+ Be3 Bb7 Ng5 Qc4 Qh5 Bxg2 Qxf7+ Qxf7 Nxf7 Kxf7 Rg1 Bf3 Rg3 Bh5 Rh3 g6 Ne4 Nf6 Nc5 e6 Nxa6 Rc8 Bf4 Bg4 Rg3 c6 Nb4,Bxb4+
401,Scandinavian Defense: Mieses-Kotroc Variation,e4 d5 exd5 Qxd5 Nc3 Qe5+ Be2 Na6 d4 Qf5 Bxa6 bxa6 Nf3 Qe6+ Be3 Bb7 Ng5 Qc4 Qh5 Bxg2 Qxf7+ Qxf7 Nxf7 Kxf7 Rg1 Bf3 Rg3 Bh5 Rh3 g6 Ne4 Nf6 Nc5 e6 Nxa6 Rc8 Bf4 Bg4 Rg3 c6 Nb4 Bxb4+,c3
402,Scandinavian Defense: Mieses-Kotroc Variation,e4 d5 exd5 Qxd5 Nc3 Qe5+ Be2 Na6 d4 Qf5 Bxa6 bxa6 Nf3 Qe6+ Be3 Bb7 Ng5 Qc4 Qh5 Bxg2 Qxf7+ Qxf7 Nxf7 Kxf7 Rg1 Bf3 Rg3 Bh5 Rh3 g6 Ne4 Nf6 Nc5 e6 Nxa6 Rc8 Bf4 Bg4 Rg3 c6 Nb4 Bxb4+ c3,Ba5
403,Scandinavian Defense: Mieses-Kotroc Variation,e4 d5 exd5 Qxd5 Nc3 Qe5+ Be2 Na6 d4 Qf5 Bxa6 bxa6 Nf3 Qe6+ Be3 Bb7 Ng5 Qc4 Qh5 Bxg2 Qxf7+ Qxf7 Nxf7 Kxf7 Rg1 Bf3 Rg3 Bh5 Rh3 g6 Ne4 Nf6 Nc5 e6 Nxa6 Rc8 Bf4 Bg4 Rg3 c6 Nb4 Bxb4+ c3 Ba5,b4
404,Scandinavian Defense: Mieses-Kotroc Variation,e4 d5 exd5 Qxd5 Nc3 Qe5+ Be2 Na6 d4 Qf5 Bxa6 bxa6 Nf3 Qe6+ Be3 Bb7 Ng5 Qc4 Qh5 Bxg2 Qxf7+ Qxf7 Nxf7 Kxf7 Rg1 Bf3 Rg3 Bh5 Rh3 g6 Ne4 Nf6 Nc5 e6 Nxa6 Rc8 Bf4 Bg4 Rg3 c6 Nb4 Bxb4+ c3 Ba5 b4,Bc7
405,Scandinavian Defense: Mieses-Kotroc Variation,e4 d5 exd5 Qxd5 Nc3 Qe5+ Be2 Na6 d4 Qf5 Bxa6 bxa6 Nf3 Qe6+ Be3 Bb7 Ng5 Qc4 Qh5 Bxg2 Qxf7+ Qxf7 Nxf7 Kxf7 Rg1 Bf3 Rg3 Bh5 Rh3 g6 Ne4 Nf6 Nc5 e6 Nxa6 Rc8 Bf4 Bg4 Rg3 c6 Nb4 Bxb4+ c3 Ba5 b4 Bc7,Bxc7
406,Scandinavian Defense: Mieses-Kotroc Variation,e4 d5 exd5 Qxd5 Nc3 Qe5+ Be2 Na6 d4 Qf5 Bxa6 bxa6 Nf3 Qe6+ Be3 Bb7 Ng5 Qc4 Qh5 Bxg2 Qxf7+ Qxf7 Nxf7 Kxf7 Rg1 Bf3 Rg3 Bh5 Rh3 g6 Ne4 Nf6 Nc5 e6 Nxa6 Rc8 Bf4 Bg4 Rg3 c6 Nb4 Bxb4+ c3 Ba5 b4 Bc7 Bxc7,Rxc7
407,Scandinavian Defense: Mieses-Kotroc Variation,e4 d5 exd5 Qxd5 Nc3 Qe5+ Be2 Na6 d4 Qf5 Bxa6 bxa6 Nf3 Qe6+ Be3 Bb7 Ng5 Qc4 Qh5 Bxg2 Qxf7+ Qxf7 Nxf7 Kxf7 Rg1 Bf3 Rg3 Bh5 Rh3 g6 Ne4 Nf6 Nc5 e6 Nxa6 Rc8 Bf4 Bg4 Rg3 c6 Nb4 Bxb4+ c3 Ba5 b4 Bc7 Bxc7 Rxc7,Rb1
408,Scandinavian Defense: Mieses-Kotroc Variation,e4 d5 exd5 Qxd5 Nc3 Qe5+ Be2 Na6 d4 Qf5 Bxa6 bxa6 Nf3 Qe6+ Be3 Bb7 Ng5 Qc4 Qh5 Bxg2 Qxf7+ Qxf7 Nxf7 Kxf7 Rg1 Bf3 Rg3 Bh5 Rh3 g6 Ne4 Nf6 Nc5 e6 Nxa6 Rc8 Bf4 Bg4 Rg3 c6 Nb4 Bxb4+ c3 Ba5 b4 Bc7 Bxc7 Rxc7 Rb1,e5
409,Scandinavian Defense: Mieses-Kotroc Variation,e4 d5 exd5 Qxd5 Nc3 Qe5+ Be2 Na6 d4 Qf5 Bxa6 bxa6 Nf3 Qe6+ Be3 Bb7 Ng5 Qc4 Qh5 Bxg2 Qxf7+ Qxf7 Nxf7 Kxf7 Rg1 Bf3 Rg3 Bh5 Rh3 g6 Ne4 Nf6 Nc5 e6 Nxa6 Rc8 Bf4 Bg4 Rg3 c6 Nb4 Bxb4+ c3 Ba5 b4 Bc7 Bxc7 Rxc7 Rb1 e5,dxe5
410,Scandinavian Defense: Mieses-Kotroc Variation,e4 d5 exd5 Qxd5 Nc3 Qe5+ Be2 Na6 d4 Qf5 Bxa6 bxa6 Nf3 Qe6+ Be3 Bb7 Ng5 Qc4 Qh5 Bxg2 Qxf7+ Qxf7 Nxf7 Kxf7 Rg1 Bf3 Rg3 Bh5 Rh3 g6 Ne4 Nf6 Nc5 e6 Nxa6 Rc8 Bf4 Bg4 Rg3 c6 Nb4 Bxb4+ c3 Ba5 b4 Bc7 Bxc7 Rxc7 Rb1 e5 dxe5,Re8
411,Scandinavian Defense: Mieses-Kotroc Variation,e4 d5 exd5 Qxd5 Nc3 Qe5+ Be2 Na6 d4 Qf5 Bxa6 bxa6 Nf3 Qe6+ Be3 Bb7 Ng5 Qc4 Qh5 Bxg2 Qxf7+ Qxf7 Nxf7 Kxf7 Rg1 Bf3 Rg3 Bh5 Rh3 g6 Ne4 Nf6 Nc5 e6 Nxa6 Rc8 Bf4 Bg4 Rg3 c6 Nb4 Bxb4+ c3 Ba5 b4 Bc7 Bxc7 Rxc7 Rb1 e5 dxe5 Re8,f4
412,Scandinavian Defense: Mieses-Kotroc Variation,e4 d5 exd5 Qxd5 Nc3 Qe5+ Be2 Na6 d4 Qf5 Bxa6 bxa6 Nf3 Qe6+ Be3 Bb7 Ng5 Qc4 Qh5 Bxg2 Qxf7+ Qxf7 Nxf7 Kxf7 Rg1 Bf3 Rg3 Bh5 Rh3 g6 Ne4 Nf6 Nc5 e6 Nxa6 Rc8 Bf4 Bg4 Rg3 c6 Nb4 Bxb4+ c3 Ba5 b4 Bc7 Bxc7 Rxc7 Rb1 e5 dxe5 Re8 f4,Rd7
413,Scandinavian Defense: Mieses-Kotroc Variation,e4 d5 exd5 Qxd5 Nc3 Qe5+ Be2 Na6 d4 Qf5 Bxa6 bxa6 Nf3 Qe6+ Be3 Bb7 Ng5 Qc4 Qh5 Bxg2 Qxf7+ Qxf7 Nxf7 Kxf7 Rg1 Bf3 Rg3 Bh5 Rh3 g6 Ne4 Nf6 Nc5 e6 Nxa6 Rc8 Bf4 Bg4 Rg3 c6 Nb4 Bxb4+ c3 Ba5 b4 Bc7 Bxc7 Rxc7 Rb1 e5 dxe5 Re8 f4 Rd7,Kf2
414,Scandinavian Defense: Mieses-Kotroc Variation,e4 d5 exd5 Qxd5 Nc3 Qe5+ Be2 Na6 d4 Qf5 Bxa6 bxa6 Nf3 Qe6+ Be3 Bb7 Ng5 Qc4 Qh5 Bxg2 Qxf7+ Qxf7 Nxf7 Kxf7 Rg1 Bf3 Rg3 Bh5 Rh3 g6 Ne4 Nf6 Nc5 e6 Nxa6 Rc8 Bf4 Bg4 Rg3 c6 Nb4 Bxb4+ c3 Ba5 b4 Bc7 Bxc7 Rxc7 Rb1 e5 dxe5 Re8 f4 Rd7 Kf2,Rd2+
415,Scandinavian Defense: Mieses-Kotroc Variation,e4 d5 exd5 Qxd5 Nc3 Qe5+ Be2 Na6 d4 Qf5 Bxa6 bxa6 Nf3 Qe6+ Be3 Bb7 Ng5 Qc4 Qh5 Bxg2 Qxf7+ Qxf7 Nxf7 Kxf7 Rg1 Bf3 Rg3 Bh5 Rh3 g6 Ne4 Nf6 Nc5 e6 Nxa6 Rc8 Bf4 Bg4 Rg3 c6 Nb4 Bxb4+ c3 Ba5 b4 Bc7 Bxc7 Rxc7 Rb1 e5 dxe5 Re8 f4 Rd7 Kf2 Rd2+,Kg1
416,Scandinavian Defense: Mieses-Kotroc Variation,e4 d5 exd5 Qxd5 Nc3 Qe5+ Be2 Na6 d4 Qf5 Bxa6 bxa6 Nf3 Qe6+ Be3 Bb7 Ng5 Qc4 Qh5 Bxg2 Qxf7+ Qxf7 Nxf7 Kxf7 Rg1 Bf3 Rg3 Bh5 Rh3 g6 Ne4 Nf6 Nc5 e6 Nxa6 Rc8 Bf4 Bg4 Rg3 c6 Nb4 Bxb4+ c3 Ba5 b4 Bc7 Bxc7 Rxc7 Rb1 e5 dxe5 Re8 f4 Rd7 Kf2 Rd2+ Kg1,Rxa2
417,Scandinavian Defense: Mieses-Kotroc Variation,e4 d5 exd5 Qxd5 Nc3 Qe5+ Be2 Na6 d4 Qf5 Bxa6 bxa6 Nf3 Qe6+ Be3 Bb7 Ng5 Qc4 Qh5 Bxg2 Qxf7+ Qxf7 Nxf7 Kxf7 Rg1 Bf3 Rg3 Bh5 Rh3 g6 Ne4 Nf6 Nc5 e6 Nxa6 Rc8 Bf4 Bg4 Rg3 c6 Nb4 Bxb4+ c3 Ba5 b4 Bc7 Bxc7 Rxc7 Rb1 e5 dxe5 Re8 f4 Rd7 Kf2 Rd2+ Kg1 Rxa2,exf6
418,Scandinavian Defense: Mieses-Kotroc Variation,e4 d5 exd5 Qxd5 Nc3 Qe5+ Be2 Na6 d4 Qf5 Bxa6 bxa6 Nf3 Qe6+ Be3 Bb7 Ng5 Qc4 Qh5 Bxg2 Qxf7+ Qxf7 Nxf7 Kxf7 Rg1 Bf3 Rg3 Bh5 Rh3 g6 Ne4 Nf6 Nc5 e6 Nxa6 Rc8 Bf4 Bg4 Rg3 c6 Nb4 Bxb4+ c3 Ba5 b4 Bc7 Bxc7 Rxc7 Rb1 e5 dxe5 Re8 f4 Rd7 Kf2 Rd2+ Kg1 Rxa2 exf6,Kxf6
419,Scandinavian Defense: Mieses-Kotroc Variation,e4 d5 exd5 Qxd5 Nc3 Qe5+ Be2 Na6 d4 Qf5 Bxa6 bxa6 Nf3 Qe6+ Be3 Bb7 Ng5 Qc4 Qh5 Bxg2 Qxf7+ Qxf7 Nxf7 Kxf7 Rg1 Bf3 Rg3 Bh5 Rh3 g6 Ne4 Nf6 Nc5 e6 Nxa6 Rc8 Bf4 Bg4 Rg3 c6 Nb4 Bxb4+ c3 Ba5 b4 Bc7 Bxc7 Rxc7 Rb1 e5 dxe5 Re8 f4 Rd7 Kf2 Rd2+ Kg1 Rxa2 exf6 Kxf6,Rxg4
420,Scandinavian Defense: Mieses-Kotroc Variation,e4 d5 exd5 Qxd5 Nc3 Qe5+ Be2 Na6 d4 Qf5 Bxa6 bxa6 Nf3 Qe6+ Be3 Bb7 Ng5 Qc4 Qh5 Bxg2 Qxf7+ Qxf7 Nxf7 Kxf7 Rg1 Bf3 Rg3 Bh5 Rh3 g6 Ne4 Nf6 Nc5 e6 Nxa6 Rc8 Bf4 Bg4 Rg3 c6 Nb4 Bxb4+ c3 Ba5 b4 Bc7 Bxc7 Rxc7 Rb1 e5 dxe5 Re8 f4 Rd7 Kf2 Rd2+ Kg1 Rxa2 exf6 Kxf6 Rxg4,Kf5
421,Scandinavian Defense: Mieses-Kotroc Variation,e4 d5 exd5 Qxd5 Nc3 Qe5+ Be2 Na6 d4 Qf5 Bxa6 bxa6 Nf3 Qe6+ Be3 Bb7 Ng5 Qc4 Qh5 Bxg2 Qxf7+ Qxf7 Nxf7 Kxf7 Rg1 Bf3 Rg3 Bh5 Rh3 g6 Ne4 Nf6 Nc5 e6 Nxa6 Rc8 Bf4 Bg4 Rg3 c6 Nb4 Bxb4+ c3 Ba5 b4 Bc7 Bxc7 Rxc7 Rb1 e5 dxe5 Re8 f4 Rd7 Kf2 Rd2+ Kg1 Rxa2 exf6 Kxf6 Rxg4 Kf5,Rg2
422,Scandinavian Defense: Mieses-Kotroc Variation,e4 d5 exd5 Qxd5 Nc3 Qe5+ Be2 Na6 d4 Qf5 Bxa6 bxa6 Nf3 Qe6+ Be3 Bb7 Ng5 Qc4 Qh5 Bxg2 Qxf7+ Qxf7 Nxf7 Kxf7 Rg1 Bf3 Rg3 Bh5 Rh3 g6 Ne4 Nf6 Nc5 e6 Nxa6 Rc8 Bf4 Bg4 Rg3 c6 Nb4 Bxb4+ c3 Ba5 b4 Bc7 Bxc7 Rxc7 Rb1 e5 dxe5 Re8 f4 Rd7 Kf2 Rd2+ Kg1 Rxa2 exf6 Kxf6 Rxg4 Kf5 Rg2,Rxg2+
423,Scandinavian Defense: Mieses-Kotroc Variation,e4 d5 exd5 Qxd5 Nc3 Qe5+ Be2 Na6 d4 Qf5 Bxa6 bxa6 Nf3 Qe6+ Be3 Bb7 Ng5 Qc4 Qh5 Bxg2 Qxf7+ Qxf7 Nxf7 Kxf7 Rg1 Bf3 Rg3 Bh5 Rh3 g6 Ne4 Nf6 Nc5 e6 Nxa6 Rc8 Bf4 Bg4 Rg3 c6 Nb4 Bxb4+ c3 Ba5 b4 Bc7 Bxc7 Rxc7 Rb1 e5 dxe5 Re8 f4 Rd7 Kf2 Rd2+ Kg1 Rxa2 exf6 Kxf6 Rxg4 Kf5 Rg2 Rxg2+,Kxg2
424,Scandinavian Defense: Mieses-Kotroc Variation,e4 d5 exd5 Qxd5 Nc3 Qe5+ Be2 Na6 d4 Qf5 Bxa6 bxa6 Nf3 Qe6+ Be3 Bb7 Ng5 Qc4 Qh5 Bxg2 Qxf7+ Qxf7 Nxf7 Kxf7 Rg1 Bf3 Rg3 Bh5 Rh3 g6 Ne4 Nf6 Nc5 e6 Nxa6 Rc8 Bf4 Bg4 Rg3 c6 Nb4 Bxb4+ c3 Ba5 b4 Bc7 Bxc7 Rxc7 Rb1 e5 dxe5 Re8 f4 Rd7 Kf2 Rd2+ Kg1 Rxa2 exf6 Kxf6 Rxg4 Kf5 Rg2 Rxg2+ Kxg2,Re2+
425,Scandinavian Defense: Mieses-Kotroc Variation,e4 d5 exd5 Qxd5 Nc3 Qe5+ Be2 Na6 d4 Qf5 Bxa6 bxa6 Nf3 Qe6+ Be3 Bb7 Ng5 Qc4 Qh5 Bxg2 Qxf7+ Qxf7 Nxf7 Kxf7 Rg1 Bf3 Rg3 Bh5 Rh3 g6 Ne4 Nf6 Nc5 e6 Nxa6 Rc8 Bf4 Bg4 Rg3 c6 Nb4 Bxb4+ c3 Ba5 b4 Bc7 Bxc7 Rxc7 Rb1 e5 dxe5 Re8 f4 Rd7 Kf2 Rd2+ Kg1 Rxa2 exf6 Kxf6 Rxg4 Kf5 Rg2 Rxg2+ Kxg2 Re2+,Kf3
426,Scandinavian Defense: Mieses-Kotroc Variation,e4 d5 exd5 Qxd5 Nc3 Qe5+ Be2 Na6 d4 Qf5 Bxa6 bxa6 Nf3 Qe6+ Be3 Bb7 Ng5 Qc4 Qh5 Bxg2 Qxf7+ Qxf7 Nxf7 Kxf7 Rg1 Bf3 Rg3 Bh5 Rh3 g6 Ne4 Nf6 Nc5 e6 Nxa6 Rc8 Bf4 Bg4 Rg3 c6 Nb4 Bxb4+ c3 Ba5 b4 Bc7 Bxc7 Rxc7 Rb1 e5 dxe5 Re8 f4 Rd7 Kf2 Rd2+ Kg1 Rxa2 exf6 Kxf6 Rxg4 Kf5 Rg2 Rxg2+ Kxg2 Re2+ Kf3,Re4
427,Scandinavian Defense: Mieses-Kotroc Variation,e4 d5 exd5 Qxd5 Nc3 Qe5+ Be2 Na6 d4 Qf5 Bxa6 bxa6 Nf3 Qe6+ Be3 Bb7 Ng5 Qc4 Qh5 Bxg2 Qxf7+ Qxf7 Nxf7 Kxf7 Rg1 Bf3 Rg3 Bh5 Rh3 g6 Ne4 Nf6 Nc5 e6 Nxa6 Rc8 Bf4 Bg4 Rg3 c6 Nb4 Bxb4+ c3 Ba5 b4 Bc7 Bxc7 Rxc7 Rb1 e5 dxe5 Re8 f4 Rd7 Kf2 Rd2+ Kg1 Rxa2 exf6 Kxf6 Rxg4 Kf5 Rg2 Rxg2+ Kxg2 Re2+ Kf3 Re4,Ra1
428,Scandinavian Defense: Mieses-Kotroc Variation,e4 d5 exd5 Qxd5 Nc3 Qe5+ Be2 Na6 d4 Qf5 Bxa6 bxa6 Nf3 Qe6+ Be3 Bb7 Ng5 Qc4 Qh5 Bxg2 Qxf7+ Qxf7 Nxf7 Kxf7 Rg1 Bf3 Rg3 Bh5 Rh3 g6 Ne4 Nf6 Nc5 e6 Nxa6 Rc8 Bf4 Bg4 Rg3 c6 Nb4 Bxb4+ c3 Ba5 b4 Bc7 Bxc7 Rxc7 Rb1 e5 dxe5 Re8 f4 Rd7 Kf2 Rd2+ Kg1 Rxa2 exf6 Kxf6 Rxg4 Kf5 Rg2 Rxg2+ Kxg2 Re2+ Kf3 Re4 Ra1,Rxf4+
429,Scandinavian Defense: Mieses-Kotroc Variation,e4 d5 exd5 Qxd5 Nc3 Qe5+ Be2 Na6 d4 Qf5 Bxa6 bxa6 Nf3 Qe6+ Be3 Bb7 Ng5 Qc4 Qh5 Bxg2 Qxf7+ Qxf7 Nxf7 Kxf7 Rg1 Bf3 Rg3 Bh5 Rh3 g6 Ne4 Nf6 Nc5 e6 Nxa6 Rc8 Bf4 Bg4 Rg3 c6 Nb4 Bxb4+ c3 Ba5 b4 Bc7 Bxc7 Rxc7 Rb1 e5 dxe5 Re8 f4 Rd7 Kf2 Rd2+ Kg1 Rxa2 exf6 Kxf6 Rxg4 Kf5 Rg2 Rxg2+ Kxg2 Re2+ Kf3 Re4 Ra1 Rxf4+,Kg3
430,Scandinavian Defense: Mieses-Kotroc Variation,e4 d5 exd5 Qxd5 Nc3 Qe5+ Be2 Na6 d4 Qf5 Bxa6 bxa6 Nf3 Qe6+ Be3 Bb7 Ng5 Qc4 Qh5 Bxg2 Qxf7+ Qxf7 Nxf7 Kxf7 Rg1 Bf3 Rg3 Bh5 Rh3 g6 Ne4 Nf6 Nc5 e6 Nxa6 Rc8 Bf4 Bg4 Rg3 c6 Nb4 Bxb4+ c3 Ba5 b4 Bc7 Bxc7 Rxc7 Rb1 e5 dxe5 Re8 f4 Rd7 Kf2 Rd2+ Kg1 Rxa2 exf6 Kxf6 Rxg4 Kf5 Rg2 Rxg2+ Kxg2 Re2+ Kf3 Re4 Ra1 Rxf4+ Kg3,Rg4+
431,Scandinavian Defense: Mieses-Kotroc Variation,e4 d5 exd5 Qxd5 Nc3 Qe5+ Be2 Na6 d4 Qf5 Bxa6 bxa6 Nf3 Qe6+ Be3 Bb7 Ng5 Qc4 Qh5 Bxg2 Qxf7+ Qxf7 Nxf7 Kxf7 Rg1 Bf3 Rg3 Bh5 Rh3 g6 Ne4 Nf6 Nc5 e6 Nxa6 Rc8 Bf4 Bg4 Rg3 c6 Nb4 Bxb4+ c3 Ba5 b4 Bc7 Bxc7 Rxc7 Rb1 e5 dxe5 Re8 f4 Rd7 Kf2 Rd2+ Kg1 Rxa2 exf6 Kxf6 Rxg4 Kf5 Rg2 Rxg2+ Kxg2 Re2+ Kf3 Re4 Ra1 Rxf4+ Kg3 Rg4+,Kh3
432,Scandinavian Defense: Mieses-Kotroc Variation,e4 d5 exd5 Qxd5 Nc3 Qe5+ Be2 Na6 d4 Qf5 Bxa6 bxa6 Nf3 Qe6+ Be3 Bb7 Ng5 Qc4 Qh5 Bxg2 Qxf7+ Qxf7 Nxf7 Kxf7 Rg1 Bf3 Rg3 Bh5 Rh3 g6 Ne4 Nf6 Nc5 e6 Nxa6 Rc8 Bf4 Bg4 Rg3 c6 Nb4 Bxb4+ c3 Ba5 b4 Bc7 Bxc7 Rxc7 Rb1 e5 dxe5 Re8 f4 Rd7 Kf2 Rd2+ Kg1 Rxa2 exf6 Kxf6 Rxg4 Kf5 Rg2 Rxg2+ Kxg2 Re2+ Kf3 Re4 Ra1 Rxf4+ Kg3 Rg4+ Kh3,h5
433,Scandinavian Defense: Mieses-Kotroc Variation,e4 d5 exd5 Qxd5 Nc3 Qe5+ Be2 Na6 d4 Qf5 Bxa6 bxa6 Nf3 Qe6+ Be3 Bb7 Ng5 Qc4 Qh5 Bxg2 Qxf7+ Qxf7 Nxf7 Kxf7 Rg1 Bf3 Rg3 Bh5 Rh3 g6 Ne4 Nf6 Nc5 e6 Nxa6 Rc8 Bf4 Bg4 Rg3 c6 Nb4 Bxb4+ c3 Ba5 b4 Bc7 Bxc7 Rxc7 Rb1 e5 dxe5 Re8 f4 Rd7 Kf2 Rd2+ Kg1 Rxa2 exf6 Kxf6 Rxg4 Kf5 Rg2 Rxg2+ Kxg2 Re2+ Kf3 Re4 Ra1 Rxf4+ Kg3 Rg4+ Kh3 h5,Rxa7
434,Scandinavian Defense: Mieses-Kotroc Variation,e4 d5 exd5 Qxd5 Nc3 Qe5+ Be2 Na6 d4 Qf5 Bxa6 bxa6 Nf3 Qe6+ Be3 Bb7 Ng5 Qc4 Qh5 Bxg2 Qxf7+ Qxf7 Nxf7 Kxf7 Rg1 Bf3 Rg3 Bh5 Rh3 g6 Ne4 Nf6 Nc5 e6 Nxa6 Rc8 Bf4 Bg4 Rg3 c6 Nb4 Bxb4+ c3 Ba5 b4 Bc7 Bxc7 Rxc7 Rb1 e5 dxe5 Re8 f4 Rd7 Kf2 Rd2+ Kg1 Rxa2 exf6 Kxf6 Rxg4 Kf5 Rg2 Rxg2+ Kxg2 Re2+ Kf3 Re4 Ra1 Rxf4+ Kg3 Rg4+ Kh3 h5 Rxa7,g5
435,Scandinavian Defense: Mieses-Kotroc Variation,e4 d5 exd5 Qxd5 Nc3 Qe5+ Be2 Na6 d4 Qf5 Bxa6 bxa6 Nf3 Qe6+ Be3 Bb7 Ng5 Qc4 Qh5 Bxg2 Qxf7+ Qxf7 Nxf7 Kxf7 Rg1 Bf3 Rg3 Bh5 Rh3 g6 Ne4 Nf6 Nc5 e6 Nxa6 Rc8 Bf4 Bg4 Rg3 c6 Nb4 Bxb4+ c3 Ba5 b4 Bc7 Bxc7 Rxc7 Rb1 e5 dxe5 Re8 f4 Rd7 Kf2 Rd2+ Kg1 Rxa2 exf6 Kxf6 Rxg4 Kf5 Rg2 Rxg2+ Kxg2 Re2+ Kf3 Re4 Ra1 Rxf4+ Kg3 Rg4+ Kh3 h5 Rxa7 g5,Rf7+
436,Scandinavian Defense: Mieses-Kotroc Variation,e4 d5 exd5 Qxd5 Nc3 Qe5+ Be2 Na6 d4 Qf5 Bxa6 bxa6 Nf3 Qe6+ Be3 Bb7 Ng5 Qc4 Qh5 Bxg2 Qxf7+ Qxf7 Nxf7 Kxf7 Rg1 Bf3 Rg3 Bh5 Rh3 g6 Ne4 Nf6 Nc5 e6 Nxa6 Rc8 Bf4 Bg4 Rg3 c6 Nb4 Bxb4+ c3 Ba5 b4 Bc7 Bxc7 Rxc7 Rb1 e5 dxe5 Re8 f4 Rd7 Kf2 Rd2+ Kg1 Rxa2 exf6 Kxf6 Rxg4 Kf5 Rg2 Rxg2+ Kxg2 Re2+ Kf3 Re4 Ra1 Rxf4+ Kg3 Rg4+ Kh3 h5 Rxa7 g5 Rf7+,Kg6
437,Scandinavian Defense: Mieses-Kotroc Variation,e4 d5 exd5 Qxd5 Nc3 Qe5+ Be2 Na6 d4 Qf5 Bxa6 bxa6 Nf3 Qe6+ Be3 Bb7 Ng5 Qc4 Qh5 Bxg2 Qxf7+ Qxf7 Nxf7 Kxf7 Rg1 Bf3 Rg3 Bh5 Rh3 g6 Ne4 Nf6 Nc5 e6 Nxa6 Rc8 Bf4 Bg4 Rg3 c6 Nb4 Bxb4+ c3 Ba5 b4 Bc7 Bxc7 Rxc7 Rb1 e5 dxe5 Re8 f4 Rd7 Kf2 Rd2+ Kg1 Rxa2 exf6 Kxf6 Rxg4 Kf5 Rg2 Rxg2+ Kxg2 Re2+ Kf3 Re4 Ra1 Rxf4+ Kg3 Rg4+ Kh3 h5 Rxa7 g5 Rf7+ Kg6,Rf3
438,Scandinavian Defense: Mieses-Kotroc Variation,e4 d5 exd5 Qxd5 Nc3 Qe5+ Be2 Na6 d4 Qf5 Bxa6 bxa6 Nf3 Qe6+ Be3 Bb7 Ng5 Qc4 Qh5 Bxg2 Qxf7+ Qxf7 Nxf7 Kxf7 Rg1 Bf3 Rg3 Bh5 Rh3 g6 Ne4 Nf6 Nc5 e6 Nxa6 Rc8 Bf4 Bg4 Rg3 c6 Nb4 Bxb4+ c3 Ba5 b4 Bc7 Bxc7 Rxc7 Rb1 e5 dxe5 Re8 f4 Rd7 Kf2 Rd2+ Kg1 Rxa2 exf6 Kxf6 Rxg4 Kf5 Rg2 Rxg2+ Kxg2 Re2+ Kf3 Re4 Ra1 Rxf4+ Kg3 Rg4+ Kh3 h5 Rxa7 g5 Rf7+ Kg6 Rf3,Rf4
439,Scandinavian Defense: Mieses-Kotroc Variation,e4 d5 exd5 Qxd5 Nc3 Qe5+ Be2 Na6 d4 Qf5 Bxa6 bxa6 Nf3 Qe6+ Be3 Bb7 Ng5 Qc4 Qh5 Bxg2 Qxf7+ Qxf7 Nxf7 Kxf7 Rg1 Bf3 Rg3 Bh5 Rh3 g6 Ne4 Nf6 Nc5 e6 Nxa6 Rc8 Bf4 Bg4 Rg3 c6 Nb4 Bxb4+ c3 Ba5 b4 Bc7 Bxc7 Rxc7 Rb1 e5 dxe5 Re8 f4 Rd7 Kf2 Rd2+ Kg1 Rxa2 exf6 Kxf6 Rxg4 Kf5 Rg2 Rxg2+ Kxg2 Re2+ Kf3 Re4 Ra1 Rxf4+ Kg3 Rg4+ Kh3 h5 Rxa7 g5 Rf7+ Kg6 Rf3 Rf4,Rxf4
440,Scandinavian Defense: Mieses-Kotroc Variation,e4 d5 exd5 Qxd5 Nc3 Qe5+ Be2 Na6 d4 Qf5 Bxa6 bxa6 Nf3 Qe6+ Be3 Bb7 Ng5 Qc4 Qh5 Bxg2 Qxf7+ Qxf7 Nxf7 Kxf7 Rg1 Bf3 Rg3 Bh5 Rh3 g6 Ne4 Nf6 Nc5 e6 Nxa6 Rc8 Bf4 Bg4 Rg3 c6 Nb4 Bxb4+ c3 Ba5 b4 Bc7 Bxc7 Rxc7 Rb1 e5 dxe5 Re8 f4 Rd7 Kf2 Rd2+ Kg1 Rxa2 exf6 Kxf6 Rxg4 Kf5 Rg2 Rxg2+ Kxg2 Re2+ Kf3 Re4 Ra1 Rxf4+ Kg3 Rg4+ Kh3 h5 Rxa7 g5 Rf7+ Kg6 Rf3 Rf4 Rxf4,gxf4
441,Scandinavian Defense: Mieses-Kotroc Variation,e4 d5 exd5 Qxd5 Nc3 Qe5+ Be2 Na6 d4 Qf5 Bxa6 bxa6 Nf3 Qe6+ Be3 Bb7 Ng5 Qc4 Qh5 Bxg2 Qxf7+ Qxf7 Nxf7 Kxf7 Rg1 Bf3 Rg3 Bh5 Rh3 g6 Ne4 Nf6 Nc5 e6 Nxa6 Rc8 Bf4 Bg4 Rg3 c6 Nb4 Bxb4+ c3 Ba5 b4 Bc7 Bxc7 Rxc7 Rb1 e5 dxe5 Re8 f4 Rd7 Kf2 Rd2+ Kg1 Rxa2 exf6 Kxf6 Rxg4 Kf5 Rg2 Rxg2+ Kxg2 Re2+ Kf3 Re4 Ra1 Rxf4+ Kg3 Rg4+ Kh3 h5 Rxa7 g5 Rf7+ Kg6 Rf3 Rf4 Rxf4 gxf4,Kg2
442,Scandinavian Defense: Mieses-Kotroc Variation,e4 d5 exd5 Qxd5 Nc3 Qe5+ Be2 Na6 d4 Qf5 Bxa6 bxa6 Nf3 Qe6+ Be3 Bb7 Ng5 Qc4 Qh5 Bxg2 Qxf7+ Qxf7 Nxf7 Kxf7 Rg1 Bf3 Rg3 Bh5 Rh3 g6 Ne4 Nf6 Nc5 e6 Nxa6 Rc8 Bf4 Bg4 Rg3 c6 Nb4 Bxb4+ c3 Ba5 b4 Bc7 Bxc7 Rxc7 Rb1 e5 dxe5 Re8 f4 Rd7 Kf2 Rd2+ Kg1 Rxa2 exf6 Kxf6 Rxg4 Kf5 Rg2 Rxg2+ Kxg2 Re2+ Kf3 Re4 Ra1 Rxf4+ Kg3 Rg4+ Kh3 h5 Rxa7 g5 Rf7+ Kg6 Rf3 Rf4 Rxf4 gxf4 Kg2,Kg5
443,Scandinavian Defense: Mieses-Kotroc Variation,e4 d5 exd5 Qxd5 Nc3 Qe5+ Be2 Na6 d4 Qf5 Bxa6 bxa6 Nf3 Qe6+ Be3 Bb7 Ng5 Qc4 Qh5 Bxg2 Qxf7+ Qxf7 Nxf7 Kxf7 Rg1 Bf3 Rg3 Bh5 Rh3 g6 Ne4 Nf6 Nc5 e6 Nxa6 Rc8 Bf4 Bg4 Rg3 c6 Nb4 Bxb4+ c3 Ba5 b4 Bc7 Bxc7 Rxc7 Rb1 e5 dxe5 Re8 f4 Rd7 Kf2 Rd2+ Kg1 Rxa2 exf6 Kxf6 Rxg4 Kf5 Rg2 Rxg2+ Kxg2 Re2+ Kf3 Re4 Ra1 Rxf4+ Kg3 Rg4+ Kh3 h5 Rxa7 g5 Rf7+ Kg6 Rf3 Rf4 Rxf4 gxf4 Kg2 Kg5,c4
444,Scandinavian Defense: Mieses-Kotroc Variation,e4 d5 exd5 Qxd5 Nc3 Qe5+ Be2 Na6 d4 Qf5 Bxa6 bxa6 Nf3 Qe6+ Be3 Bb7 Ng5 Qc4 Qh5 Bxg2 Qxf7+ Qxf7 Nxf7 Kxf7 Rg1 Bf3 Rg3 Bh5 Rh3 g6 Ne4 Nf6 Nc5 e6 Nxa6 Rc8 Bf4 Bg4 Rg3 c6 Nb4 Bxb4+ c3 Ba5 b4 Bc7 Bxc7 Rxc7 Rb1 e5 dxe5 Re8 f4 Rd7 Kf2 Rd2+ Kg1 Rxa2 exf6 Kxf6 Rxg4 Kf5 Rg2 Rxg2+ Kxg2 Re2+ Kf3 Re4 Ra1 Rxf4+ Kg3 Rg4+ Kh3 h5 Rxa7 g5 Rf7+ Kg6 Rf3 Rf4 Rxf4 gxf4 Kg2 Kg5 c4,h4
445,Scandinavian Defense: Mieses-Kotroc Variation,e4 d5 exd5 Qxd5 Nc3 Qe5+ Be2 Na6 d4 Qf5 Bxa6 bxa6 Nf3 Qe6+ Be3 Bb7 Ng5 Qc4 Qh5 Bxg2 Qxf7+ Qxf7 Nxf7 Kxf7 Rg1 Bf3 Rg3 Bh5 Rh3 g6 Ne4 Nf6 Nc5 e6 Nxa6 Rc8 Bf4 Bg4 Rg3 c6 Nb4 Bxb4+ c3 Ba5 b4 Bc7 Bxc7 Rxc7 Rb1 e5 dxe5 Re8 f4 Rd7 Kf2 Rd2+ Kg1 Rxa2 exf6 Kxf6 Rxg4 Kf5 Rg2 Rxg2+ Kxg2 Re2+ Kf3 Re4 Ra1 Rxf4+ Kg3 Rg4+ Kh3 h5 Rxa7 g5 Rf7+ Kg6 Rf3 Rf4 Rxf4 gxf4 Kg2 Kg5 c4 h4,b5
446,Scandinavian Defense: Mieses-Kotroc Variation,e4 d5 exd5 Qxd5 Nc3 Qe5+ Be2 Na6 d4 Qf5 Bxa6 bxa6 Nf3 Qe6+ Be3 Bb7 Ng5 Qc4 Qh5 Bxg2 Qxf7+ Qxf7 Nxf7 Kxf7 Rg1 Bf3 Rg3 Bh5 Rh3 g6 Ne4 Nf6 Nc5 e6 Nxa6 Rc8 Bf4 Bg4 Rg3 c6 Nb4 Bxb4+ c3 Ba5 b4 Bc7 Bxc7 Rxc7 Rb1 e5 dxe5 Re8 f4 Rd7 Kf2 Rd2+ Kg1 Rxa2 exf6 Kxf6 Rxg4 Kf5 Rg2 Rxg2+ Kxg2 Re2+ Kf3 Re4 Ra1 Rxf4+ Kg3 Rg4+ Kh3 h5 Rxa7 g5 Rf7+ Kg6 Rf3 Rf4 Rxf4 gxf4 Kg2 Kg5 c4 h4 b5,cxb5
447,Scandinavian Defense: Mieses-Kotroc Variation,e4 d5 exd5 Qxd5 Nc3 Qe5+ Be2 Na6 d4 Qf5 Bxa6 bxa6 Nf3 Qe6+ Be3 Bb7 Ng5 Qc4 Qh5 Bxg2 Qxf7+ Qxf7 Nxf7 Kxf7 Rg1 Bf3 Rg3 Bh5 Rh3 g6 Ne4 Nf6 Nc5 e6 Nxa6 Rc8 Bf4 Bg4 Rg3 c6 Nb4 Bxb4+ c3 Ba5 b4 Bc7 Bxc7 Rxc7 Rb1 e5 dxe5 Re8 f4 Rd7 Kf2 Rd2+ Kg1 Rxa2 exf6 Kxf6 Rxg4 Kf5 Rg2 Rxg2+ Kxg2 Re2+ Kf3 Re4 Ra1 Rxf4+ Kg3 Rg4+ Kh3 h5 Rxa7 g5 Rf7+ Kg6 Rf3 Rf4 Rxf4 gxf4 Kg2 Kg5 c4 h4 b5 cxb5,cxb5
448,Scandinavian Defense: Mieses-Kotroc Variation,e4 d5 exd5 Qxd5 Nc3 Qe5+ Be2 Na6 d4 Qf5 Bxa6 bxa6 Nf3 Qe6+ Be3 Bb7 Ng5 Qc4 Qh5 Bxg2 Qxf7+ Qxf7 Nxf7 Kxf7 Rg1 Bf3 Rg3 Bh5 Rh3 g6 Ne4 Nf6 Nc5 e6 Nxa6 Rc8 Bf4 Bg4 Rg3 c6 Nb4 Bxb4+ c3 Ba5 b4 Bc7 Bxc7 Rxc7 Rb1 e5 dxe5 Re8 f4 Rd7 Kf2 Rd2+ Kg1 Rxa2 exf6 Kxf6 Rxg4 Kf5 Rg2 Rxg2+ Kxg2 Re2+ Kf3 Re4 Ra1 Rxf4+ Kg3 Rg4+ Kh3 h5 Rxa7 g5 Rf7+ Kg6 Rf3 Rf4 Rxf4 gxf4 Kg2 Kg5 c4 h4 b5 cxb5 cxb5,Kg4
449,Scandinavian Defense: Mieses-Kotroc Variation,e4 d5 exd5 Qxd5 Nc3 Qe5+ Be2 Na6 d4 Qf5 Bxa6 bxa6 Nf3 Qe6+ Be3 Bb7 Ng5 Qc4 Qh5 Bxg2 Qxf7+ Qxf7 Nxf7 Kxf7 Rg1 Bf3 Rg3 Bh5 Rh3 g6 Ne4 Nf6 Nc5 e6 Nxa6 Rc8 Bf4 Bg4 Rg3 c6 Nb4 Bxb4+ c3 Ba5 b4 Bc7 Bxc7 Rxc7 Rb1 e5 dxe5 Re8 f4 Rd7 Kf2 Rd2+ Kg1 Rxa2 exf6 Kxf6 Rxg4 Kf5 Rg2 Rxg2+ Kxg2 Re2+ Kf3 Re4 Ra1 Rxf4+ Kg3 Rg4+ Kh3 h5 Rxa7 g5 Rf7+ Kg6 Rf3 Rf4 Rxf4 gxf4 Kg2 Kg5 c4 h4 b5 cxb5 cxb5 Kg4,b6
450,Scandinavian Defense: Mieses-Kotroc Variation,e4 d5 exd5 Qxd5 Nc3 Qe5+ Be2 Na6 d4 Qf5 Bxa6 bxa6 Nf3 Qe6+ Be3 Bb7 Ng5 Qc4 Qh5 Bxg2 Qxf7+ Qxf7 Nxf7 Kxf7 Rg1 Bf3 Rg3 Bh5 Rh3 g6 Ne4 Nf6 Nc5 e6 Nxa6 Rc8 Bf4 Bg4 Rg3 c6 Nb4 Bxb4+ c3 Ba5 b4 Bc7 Bxc7 Rxc7 Rb1 e5 dxe5 Re8 f4 Rd7 Kf2 Rd2+ Kg1 Rxa2 exf6 Kxf6 Rxg4 Kf5 Rg2 Rxg2+ Kxg2 Re2+ Kf3 Re4 Ra1 Rxf4+ Kg3 Rg4+ Kh3 h5 Rxa7 g5 Rf7+ Kg6 Rf3 Rf4 Rxf4 gxf4 Kg2 Kg5 c4 h4 b5 cxb5 cxb5 Kg4 b6,f3+
451,Scandinavian Defense: Mieses-Kotroc Variation,e4 d5 exd5 Qxd5 Nc3 Qe5+ Be2 Na6 d4 Qf5 Bxa6 bxa6 Nf3 Qe6+ Be3 Bb7 Ng5 Qc4 Qh5 Bxg2 Qxf7+ Qxf7 Nxf7 Kxf7 Rg1 Bf3 Rg3 Bh5 Rh3 g6 Ne4 Nf6 Nc5 e6 Nxa6 Rc8 Bf4 Bg4 Rg3 c6 Nb4 Bxb4+ c3 Ba5 b4 Bc7 Bxc7 Rxc7 Rb1 e5 dxe5 Re8 f4 Rd7 Kf2 Rd2+ Kg1 Rxa2 exf6 Kxf6 Rxg4 Kf5 Rg2 Rxg2+ Kxg2 Re2+ Kf3 Re4 Ra1 Rxf4+ Kg3 Rg4+ Kh3 h5 Rxa7 g5 Rf7+ Kg6 Rf3 Rf4 Rxf4 gxf4 Kg2 Kg5 c4 h4 b5 cxb5 cxb5 Kg4 b6 f3+,Kf2
452,Scandinavian Defense: Mieses-Kotroc Variation,e4 d5 exd5 Qxd5 Nc3 Qe5+ Be2 Na6 d4 Qf5 Bxa6 bxa6 Nf3 Qe6+ Be3 Bb7 Ng5 Qc4 Qh5 Bxg2 Qxf7+ Qxf7 Nxf7 Kxf7 Rg1 Bf3 Rg3 Bh5 Rh3 g6 Ne4 Nf6 Nc5 e6 Nxa6 Rc8 Bf4 Bg4 Rg3 c6 Nb4 Bxb4+ c3 Ba5 b4 Bc7 Bxc7 Rxc7 Rb1 e5 dxe5 Re8 f4 Rd7 Kf2 Rd2+ Kg1 Rxa2 exf6 Kxf6 Rxg4 Kf5 Rg2 Rxg2+ Kxg2 Re2+ Kf3 Re4 Ra1 Rxf4+ Kg3 Rg4+ Kh3 h5 Rxa7 g5 Rf7+ Kg6 Rf3 Rf4 Rxf4 gxf4 Kg2 Kg5 c4 h4 b5 cxb5 cxb5 Kg4 b6 f3+ Kf2,Kf4
453,Scandinavian Defense: Mieses-Kotroc Variation,e4 d5 exd5 Qxd5 Nc3 Qe5+ Be2 Na6 d4 Qf5 Bxa6 bxa6 Nf3 Qe6+ Be3 Bb7 Ng5 Qc4 Qh5 Bxg2 Qxf7+ Qxf7 Nxf7 Kxf7 Rg1 Bf3 Rg3 Bh5 Rh3 g6 Ne4 Nf6 Nc5 e6 Nxa6 Rc8 Bf4 Bg4 Rg3 c6 Nb4 Bxb4+ c3 Ba5 b4 Bc7 Bxc7 Rxc7 Rb1 e5 dxe5 Re8 f4 Rd7 Kf2 Rd2+ Kg1 Rxa2 exf6 Kxf6 Rxg4 Kf5 Rg2 Rxg2+ Kxg2 Re2+ Kf3 Re4 Ra1 Rxf4+ Kg3 Rg4+ Kh3 h5 Rxa7 g5 Rf7+ Kg6 Rf3 Rf4 Rxf4 gxf4 Kg2 Kg5 c4 h4 b5 cxb5 cxb5 Kg4 b6 f3+ Kf2 Kf4,b7
454,Scandinavian Defense: Mieses-Kotroc Variation,e4 d5 exd5 Qxd5 Nc3 Qe5+ Be2 Na6 d4 Qf5 Bxa6 bxa6 Nf3 Qe6+ Be3 Bb7 Ng5 Qc4 Qh5 Bxg2 Qxf7+ Qxf7 Nxf7 Kxf7 Rg1 Bf3 Rg3 Bh5 Rh3 g6 Ne4 Nf6 Nc5 e6 Nxa6 Rc8 Bf4 Bg4 Rg3 c6 Nb4 Bxb4+ c3 Ba5 b4 Bc7 Bxc7 Rxc7 Rb1 e5 dxe5 Re8 f4 Rd7 Kf2 Rd2+ Kg1 Rxa2 exf6 Kxf6 Rxg4 Kf5 Rg2 Rxg2+ Kxg2 Re2+ Kf3 Re4 Ra1 Rxf4+ Kg3 Rg4+ Kh3 h5 Rxa7 g5 Rf7+ Kg6 Rf3 Rf4 Rxf4 gxf4 Kg2 Kg5 c4 h4 b5 cxb5 cxb5 Kg4 b6 f3+ Kf2 Kf4 b7,h3
455,Scandinavian Defense: Mieses-Kotroc Variation,e4 d5 exd5 Qxd5 Nc3 Qe5+ Be2 Na6 d4 Qf5 Bxa6 bxa6 Nf3 Qe6+ Be3 Bb7 Ng5 Qc4 Qh5 Bxg2 Qxf7+ Qxf7 Nxf7 Kxf7 Rg1 Bf3 Rg3 Bh5 Rh3 g6 Ne4 Nf6 Nc5 e6 Nxa6 Rc8 Bf4 Bg4 Rg3 c6 Nb4 Bxb4+ c3 Ba5 b4 Bc7 Bxc7 Rxc7 Rb1 e5 dxe5 Re8 f4 Rd7 Kf2 Rd2+ Kg1 Rxa2 exf6 Kxf6 Rxg4 Kf5 Rg2 Rxg2+ Kxg2 Re2+ Kf3 Re4 Ra1 Rxf4+ Kg3 Rg4+ Kh3 h5 Rxa7 g5 Rf7+ Kg6 Rf3 Rf4 Rxf4 gxf4 Kg2 Kg5 c4 h4 b5 cxb5 cxb5 Kg4 b6 f3+ Kf2 Kf4 b7 h3,b8=Q+
456,Scandinavian Defense: Mieses-Kotroc Variation,e4 d5 exd5 Qxd5 Nc3 Qe5+ Be2 Na6 d4 Qf5 Bxa6 bxa6 Nf3 Qe6+ Be3 Bb7 Ng5 Qc4 Qh5 Bxg2 Qxf7+ Qxf7 Nxf7 Kxf7 Rg1 Bf3 Rg3 Bh5 Rh3 g6 Ne4 Nf6 Nc5 e6 Nxa6 Rc8 Bf4 Bg4 Rg3 c6 Nb4 Bxb4+ c3 Ba5 b4 Bc7 Bxc7 Rxc7 Rb1 e5 dxe5 Re8 f4 Rd7 Kf2 Rd2+ Kg1 Rxa2 exf6 Kxf6 Rxg4 Kf5 Rg2 Rxg2+ Kxg2 Re2+ Kf3 Re4 Ra1 Rxf4+ Kg3 Rg4+ Kh3 h5 Rxa7 g5 Rf7+ Kg6 Rf3 Rf4 Rxf4 gxf4 Kg2 Kg5 c4 h4 b5 cxb5 cxb5 Kg4 b6 f3+ Kf2 Kf4 b7 h3 b8=Q+,Ke4
457,Scandinavian Defense: Mieses-Kotroc Variation,e4 d5 exd5 Qxd5 Nc3 Qe5+ Be2 Na6 d4 Qf5 Bxa6 bxa6 Nf3 Qe6+ Be3 Bb7 Ng5 Qc4 Qh5 Bxg2 Qxf7+ Qxf7 Nxf7 Kxf7 Rg1 Bf3 Rg3 Bh5 Rh3 g6 Ne4 Nf6 Nc5 e6 Nxa6 Rc8 Bf4 Bg4 Rg3 c6 Nb4 Bxb4+ c3 Ba5 b4 Bc7 Bxc7 Rxc7 Rb1 e5 dxe5 Re8 f4 Rd7 Kf2 Rd2+ Kg1 Rxa2 exf6 Kxf6 Rxg4 Kf5 Rg2 Rxg2+ Kxg2 Re2+ Kf3 Re4 Ra1 Rxf4+ Kg3 Rg4+ Kh3 h5 Rxa7 g5 Rf7+ Kg6 Rf3 Rf4 Rxf4 gxf4 Kg2 Kg5 c4 h4 b5 cxb5 cxb5 Kg4 b6 f3+ Kf2 Kf4 b7 h3 b8=Q+ Ke4,Qb4+
458,Scandinavian Defense: Mieses-Kotroc Variation,e4 d5 exd5 Qxd5 Nc3 Qe5+ Be2 Na6 d4 Qf5 Bxa6 bxa6 Nf3 Qe6+ Be3 Bb7 Ng5 Qc4 Qh5 Bxg2 Qxf7+ Qxf7 Nxf7 Kxf7 Rg1 Bf3 Rg3 Bh5 Rh3 g6 Ne4 Nf6 Nc5 e6 Nxa6 Rc8 Bf4 Bg4 Rg3 c6 Nb4 Bxb4+ c3 Ba5 b4 Bc7 Bxc7 Rxc7 Rb1 e5 dxe5 Re8 f4 Rd7 Kf2 Rd2+ Kg1 Rxa2 exf6 Kxf6 Rxg4 Kf5 Rg2 Rxg2+ Kxg2 Re2+ Kf3 Re4 Ra1 Rxf4+ Kg3 Rg4+ Kh3 h5 Rxa7 g5 Rf7+ Kg6 Rf3 Rf4 Rxf4 gxf4 Kg2 Kg5 c4 h4 b5 cxb5 cxb5 Kg4 b6 f3+ Kf2 Kf4 b7 h3 b8=Q+ Ke4 Qb4+,Kd5
459,Scandinavian Defense: Mieses-Kotroc Variation,e4 d5 exd5 Qxd5 Nc3 Qe5+ Be2 Na6 d4 Qf5 Bxa6 bxa6 Nf3 Qe6+ Be3 Bb7 Ng5 Qc4 Qh5 Bxg2 Qxf7+ Qxf7 Nxf7 Kxf7 Rg1 Bf3 Rg3 Bh5 Rh3 g6 Ne4 Nf6 Nc5 e6 Nxa6 Rc8 Bf4 Bg4 Rg3 c6 Nb4 Bxb4+ c3 Ba5 b4 Bc7 Bxc7 Rxc7 Rb1 e5 dxe5 Re8 f4 Rd7 Kf2 Rd2+ Kg1 Rxa2 exf6 Kxf6 Rxg4 Kf5 Rg2 Rxg2+ Kxg2 Re2+ Kf3 Re4 Ra1 Rxf4+ Kg3 Rg4+ Kh3 h5 Rxa7 g5 Rf7+ Kg6 Rf3 Rf4 Rxf4 gxf4 Kg2 Kg5 c4 h4 b5 cxb5 cxb5 Kg4 b6 f3+ Kf2 Kf4 b7 h3 b8=Q+ Ke4 Qb4+ Kd5,Kxf3
460,Scandinavian Defense: Mieses-Kotroc Variation,e4 d5 exd5 Qxd5 Nc3 Qe5+ Be2 Na6 d4 Qf5 Bxa6 bxa6 Nf3 Qe6+ Be3 Bb7 Ng5 Qc4 Qh5 Bxg2 Qxf7+ Qxf7 Nxf7 Kxf7 Rg1 Bf3 Rg3 Bh5 Rh3 g6 Ne4 Nf6 Nc5 e6 Nxa6 Rc8 Bf4 Bg4 Rg3 c6 Nb4 Bxb4+ c3 Ba5 b4 Bc7 Bxc7 Rxc7 Rb1 e5 dxe5 Re8 f4 Rd7 Kf2 Rd2+ Kg1 Rxa2 exf6 Kxf6 Rxg4 Kf5 Rg2 Rxg2+ Kxg2 Re2+ Kf3 Re4 Ra1 Rxf4+ Kg3 Rg4+ Kh3 h5 Rxa7 g5 Rf7+ Kg6 Rf3 Rf4 Rxf4 gxf4 Kg2 Kg5 c4 h4 b5 cxb5 cxb5 Kg4 b6 f3+ Kf2 Kf4 b7 h3 b8=Q+ Ke4 Qb4+ Kd5 Kxf3,Ke5
461,Scandinavian Defense: Mieses-Kotroc Variation,e4 d5 exd5 Qxd5 Nc3 Qe5+ Be2 Na6 d4 Qf5 Bxa6 bxa6 Nf3 Qe6+ Be3 Bb7 Ng5 Qc4 Qh5 Bxg2 Qxf7+ Qxf7 Nxf7 Kxf7 Rg1 Bf3 Rg3 Bh5 Rh3 g6 Ne4 Nf6 Nc5 e6 Nxa6 Rc8 Bf4 Bg4 Rg3 c6 Nb4 Bxb4+ c3 Ba5 b4 Bc7 Bxc7 Rxc7 Rb1 e5 dxe5 Re8 f4 Rd7 Kf2 Rd2+ Kg1 Rxa2 exf6 Kxf6 Rxg4 Kf5 Rg2 Rxg2+ Kxg2 Re2+ Kf3 Re4 Ra1 Rxf4+ Kg3 Rg4+ Kh3 h5 Rxa7 g5 Rf7+ Kg6 Rf3 Rf4 Rxf4 gxf4 Kg2 Kg5 c4 h4 b5 cxb5 cxb5 Kg4 b6 f3+ Kf2 Kf4 b7 h3 b8=Q+ Ke4 Qb4+ Kd5 Kxf3 Ke5,Kg3
462,Scandinavian Defense: Mieses-Kotroc Variation,e4 d5 exd5 Qxd5 Nc3 Qe5+ Be2 Na6 d4 Qf5 Bxa6 bxa6 Nf3 Qe6+ Be3 Bb7 Ng5 Qc4 Qh5 Bxg2 Qxf7+ Qxf7 Nxf7 Kxf7 Rg1 Bf3 Rg3 Bh5 Rh3 g6 Ne4 Nf6 Nc5 e6 Nxa6 Rc8 Bf4 Bg4 Rg3 c6 Nb4 Bxb4+ c3 Ba5 b4 Bc7 Bxc7 Rxc7 Rb1 e5 dxe5 Re8 f4 Rd7 Kf2 Rd2+ Kg1 Rxa2 exf6 Kxf6 Rxg4 Kf5 Rg2 Rxg2+ Kxg2 Re2+ Kf3 Re4 Ra1 Rxf4+ Kg3 Rg4+ Kh3 h5 Rxa7 g5 Rf7+ Kg6 Rf3 Rf4 Rxf4 gxf4 Kg2 Kg5 c4 h4 b5 cxb5 cxb5 Kg4 b6 f3+ Kf2 Kf4 b7 h3 b8=Q+ Ke4 Qb4+ Kd5 Kxf3 Ke5 Kg3,Kf6
463,Scandinavian Defense: Mieses-Kotroc Variation,e4 d5 exd5 Qxd5 Nc3 Qe5+ Be2 Na6 d4 Qf5 Bxa6 bxa6 Nf3 Qe6+ Be3 Bb7 Ng5 Qc4 Qh5 Bxg2 Qxf7+ Qxf7 Nxf7 Kxf7 Rg1 Bf3 Rg3 Bh5 Rh3 g6 Ne4 Nf6 Nc5 e6 Nxa6 Rc8 Bf4 Bg4 Rg3 c6 Nb4 Bxb4+ c3 Ba5 b4 Bc7 Bxc7 Rxc7 Rb1 e5 dxe5 Re8 f4 Rd7 Kf2 Rd2+ Kg1 Rxa2 exf6 Kxf6 Rxg4 Kf5 Rg2 Rxg2+ Kxg2 Re2+ Kf3 Re4 Ra1 Rxf4+ Kg3 Rg4+ Kh3 h5 Rxa7 g5 Rf7+ Kg6 Rf3 Rf4 Rxf4 gxf4 Kg2 Kg5 c4 h4 b5 cxb5 cxb5 Kg4 b6 f3+ Kf2 Kf4 b7 h3 b8=Q+ Ke4 Qb4+ Kd5 Kxf3 Ke5 Kg3 Kf6,Qe4
464,Scandinavian Defense: Mieses-Kotroc Variation,e4 d5 exd5 Qxd5 Nc3 Qe5+ Be2 Na6 d4 Qf5 Bxa6 bxa6 Nf3 Qe6+ Be3 Bb7 Ng5 Qc4 Qh5 Bxg2 Qxf7+ Qxf7 Nxf7 Kxf7 Rg1 Bf3 Rg3 Bh5 Rh3 g6 Ne4 Nf6 Nc5 e6 Nxa6 Rc8 Bf4 Bg4 Rg3 c6 Nb4 Bxb4+ c3 Ba5 b4 Bc7 Bxc7 Rxc7 Rb1 e5 dxe5 Re8 f4 Rd7 Kf2 Rd2+ Kg1 Rxa2 exf6 Kxf6 Rxg4 Kf5 Rg2 Rxg2+ Kxg2 Re2+ Kf3 Re4 Ra1 Rxf4+ Kg3 Rg4+ Kh3 h5 Rxa7 g5 Rf7+ Kg6 Rf3 Rf4 Rxf4 gxf4 Kg2 Kg5 c4 h4 b5 cxb5 cxb5 Kg4 b6 f3+ Kf2 Kf4 b7 h3 b8=Q+ Ke4 Qb4+ Kd5 Kxf3 Ke5 Kg3 Kf6 Qe4,Kg5
465,Scandinavian Defense: Mieses-Kotroc Variation,e4 d5 exd5 Qxd5 Nc3 Qe5+ Be2 Na6 d4 Qf5 Bxa6 bxa6 Nf3 Qe6+ Be3 Bb7 Ng5 Qc4 Qh5 Bxg2 Qxf7+ Qxf7 Nxf7 Kxf7 Rg1 Bf3 Rg3 Bh5 Rh3 g6 Ne4 Nf6 Nc5 e6 Nxa6 Rc8 Bf4 Bg4 Rg3 c6 Nb4 Bxb4+ c3 Ba5 b4 Bc7 Bxc7 Rxc7 Rb1 e5 dxe5 Re8 f4 Rd7 Kf2 Rd2+ Kg1 Rxa2 exf6 Kxf6 Rxg4 Kf5 Rg2 Rxg2+ Kxg2 Re2+ Kf3 Re4 Ra1 Rxf4+ Kg3 Rg4+ Kh3 h5 Rxa7 g5 Rf7+ Kg6 Rf3 Rf4 Rxf4 gxf4 Kg2 Kg5 c4 h4 b5 cxb5 cxb5 Kg4 b6 f3+ Kf2 Kf4 b7 h3 b8=Q+ Ke4 Qb4+ Kd5 Kxf3 Ke5 Kg3 Kf6 Qe4 Kg5,Qf3
466,Scandinavian Defense: Mieses-Kotroc Variation,e4 d5 exd5 Qxd5 Nc3 Qe5+ Be2 Na6 d4 Qf5 Bxa6 bxa6 Nf3 Qe6+ Be3 Bb7 Ng5 Qc4 Qh5 Bxg2 Qxf7+ Qxf7 Nxf7 Kxf7 Rg1 Bf3 Rg3 Bh5 Rh3 g6 Ne4 Nf6 Nc5 e6 Nxa6 Rc8 Bf4 Bg4 Rg3 c6 Nb4 Bxb4+ c3 Ba5 b4 Bc7 Bxc7 Rxc7 Rb1 e5 dxe5 Re8 f4 Rd7 Kf2 Rd2+ Kg1 Rxa2 exf6 Kxf6 Rxg4 Kf5 Rg2 Rxg2+ Kxg2 Re2+ Kf3 Re4 Ra1 Rxf4+ Kg3 Rg4+ Kh3 h5 Rxa7 g5 Rf7+ Kg6 Rf3 Rf4 Rxf4 gxf4 Kg2 Kg5 c4 h4 b5 cxb5 cxb5 Kg4 b6 f3+ Kf2 Kf4 b7 h3 b8=Q+ Ke4 Qb4+ Kd5 Kxf3 Ke5 Kg3 Kf6 Qe4 Kg5 Qf3,Kh6
467,Scandinavian Defense: Mieses-Kotroc Variation,e4 d5 exd5 Qxd5 Nc3 Qe5+ Be2 Na6 d4 Qf5 Bxa6 bxa6 Nf3 Qe6+ Be3 Bb7 Ng5 Qc4 Qh5 Bxg2 Qxf7+ Qxf7 Nxf7 Kxf7 Rg1 Bf3 Rg3 Bh5 Rh3 g6 Ne4 Nf6 Nc5 e6 Nxa6 Rc8 Bf4 Bg4 Rg3 c6 Nb4 Bxb4+ c3 Ba5 b4 Bc7 Bxc7 Rxc7 Rb1 e5 dxe5 Re8 f4 Rd7 Kf2 Rd2+ Kg1 Rxa2 exf6 Kxf6 Rxg4 Kf5 Rg2 Rxg2+ Kxg2 Re2+ Kf3 Re4 Ra1 Rxf4+ Kg3 Rg4+ Kh3 h5 Rxa7 g5 Rf7+ Kg6 Rf3 Rf4 Rxf4 gxf4 Kg2 Kg5 c4 h4 b5 cxb5 cxb5 Kg4 b6 f3+ Kf2 Kf4 b7 h3 b8=Q+ Ke4 Qb4+ Kd5 Kxf3 Ke5 Kg3 Kf6 Qe4 Kg5 Qf3 Kh6,Qg4
468,Scandinavian Defense: Mieses-Kotroc Variation,e4 d5 exd5 Qxd5 Nc3 Qe5+ Be2 Na6 d4 Qf5 Bxa6 bxa6 Nf3 Qe6+ Be3 Bb7 Ng5 Qc4 Qh5 Bxg2 Qxf7+ Qxf7 Nxf7 Kxf7 Rg1 Bf3 Rg3 Bh5 Rh3 g6 Ne4 Nf6 Nc5 e6 Nxa6 Rc8 Bf4 Bg4 Rg3 c6 Nb4 Bxb4+ c3 Ba5 b4 Bc7 Bxc7 Rxc7 Rb1 e5 dxe5 Re8 f4 Rd7 Kf2 Rd2+ Kg1 Rxa2 exf6 Kxf6 Rxg4 Kf5 Rg2 Rxg2+ Kxg2 Re2+ Kf3 Re4 Ra1 Rxf4+ Kg3 Rg4+ Kh3 h5 Rxa7 g5 Rf7+ Kg6 Rf3 Rf4 Rxf4 gxf4 Kg2 Kg5 c4 h4 b5 cxb5 cxb5 Kg4 b6 f3+ Kf2 Kf4 b7 h3 b8=Q+ Ke4 Qb4+ Kd5 Kxf3 Ke5 Kg3 Kf6 Qe4 Kg5 Qf3 Kh6 Qg4,Kh7
469,Scandinavian Defense: Mieses-Kotroc Variation,e4 d5 exd5 Qxd5 Nc3 Qe5+ Be2 Na6 d4 Qf5 Bxa6 bxa6 Nf3 Qe6+ Be3 Bb7 Ng5 Qc4 Qh5 Bxg2 Qxf7+ Qxf7 Nxf7 Kxf7 Rg1 Bf3 Rg3 Bh5 Rh3 g6 Ne4 Nf6 Nc5 e6 Nxa6 Rc8 Bf4 Bg4 Rg3 c6 Nb4 Bxb4+ c3 Ba5 b4 Bc7 Bxc7 Rxc7 Rb1 e5 dxe5 Re8 f4 Rd7 Kf2 Rd2+ Kg1 Rxa2 exf6 Kxf6 Rxg4 Kf5 Rg2 Rxg2+ Kxg2 Re2+ Kf3 Re4 Ra1 Rxf4+ Kg3 Rg4+ Kh3 h5 Rxa7 g5 Rf7+ Kg6 Rf3 Rf4 Rxf4 gxf4 Kg2 Kg5 c4 h4 b5 cxb5 cxb5 Kg4 b6 f3+ Kf2 Kf4 b7 h3 b8=Q+ Ke4 Qb4+ Kd5 Kxf3 Ke5 Kg3 Kf6 Qe4 Kg5 Qf3 Kh6 Qg4 Kh7,Qg5
470,Scandinavian Defense: Mieses-Kotroc Variation,e4 d5 exd5 Qxd5 Nc3 Qe5+ Be2 Na6 d4 Qf5 Bxa6 bxa6 Nf3 Qe6+ Be3 Bb7 Ng5 Qc4 Qh5 Bxg2 Qxf7+ Qxf7 Nxf7 Kxf7 Rg1 Bf3 Rg3 Bh5 Rh3 g6 Ne4 Nf6 Nc5 e6 Nxa6 Rc8 Bf4 Bg4 Rg3 c6 Nb4 Bxb4+ c3 Ba5 b4 Bc7 Bxc7 Rxc7 Rb1 e5 dxe5 Re8 f4 Rd7 Kf2 Rd2+ Kg1 Rxa2 exf6 Kxf6 Rxg4 Kf5 Rg2 Rxg2+ Kxg2 Re2+ Kf3 Re4 Ra1 Rxf4+ Kg3 Rg4+ Kh3 h5 Rxa7 g5 Rf7+ Kg6 Rf3 Rf4 Rxf4 gxf4 Kg2 Kg5 c4 h4 b5 cxb5 cxb5 Kg4 b6 f3+ Kf2 Kf4 b7 h3 b8=Q+ Ke4 Qb4+ Kd5 Kxf3 Ke5 Kg3 Kf6 Qe4 Kg5 Qf3 Kh6 Qg4 Kh7 Qg5,Kh8
471,Scandinavian Defense: Mieses-Kotroc Variation,e4 d5 exd5 Qxd5 Nc3 Qe5+ Be2 Na6 d4 Qf5 Bxa6 bxa6 Nf3 Qe6+ Be3 Bb7 Ng5 Qc4 Qh5 Bxg2 Qxf7+ Qxf7 Nxf7 Kxf7 Rg1 Bf3 Rg3 Bh5 Rh3 g6 Ne4 Nf6 Nc5 e6 Nxa6 Rc8 Bf4 Bg4 Rg3 c6 Nb4 Bxb4+ c3 Ba5 b4 Bc7 Bxc7 Rxc7 Rb1 e5 dxe5 Re8 f4 Rd7 Kf2 Rd2+ Kg1 Rxa2 exf6 Kxf6 Rxg4 Kf5 Rg2 Rxg2+ Kxg2 Re2+ Kf3 Re4 Ra1 Rxf4+ Kg3 Rg4+ Kh3 h5 Rxa7 g5 Rf7+ Kg6 Rf3 Rf4 Rxf4 gxf4 Kg2 Kg5 c4 h4 b5 cxb5 cxb5 Kg4 b6 f3+ Kf2 Kf4 b7 h3 b8=Q+ Ke4 Qb4+ Kd5 Kxf3 Ke5 Kg3 Kf6 Qe4 Kg5 Qf3 Kh6 Qg4 Kh7 Qg5 Kh8,Kf4
472,Scandinavian Defense: Mieses-Kotroc Variation,e4 d5 exd5 Qxd5 Nc3 Qe5+ Be2 Na6 d4 Qf5 Bxa6 bxa6 Nf3 Qe6+ Be3 Bb7 Ng5 Qc4 Qh5 Bxg2 Qxf7+ Qxf7 Nxf7 Kxf7 Rg1 Bf3 Rg3 Bh5 Rh3 g6 Ne4 Nf6 Nc5 e6 Nxa6 Rc8 Bf4 Bg4 Rg3 c6 Nb4 Bxb4+ c3 Ba5 b4 Bc7 Bxc7 Rxc7 Rb1 e5 dxe5 Re8 f4 Rd7 Kf2 Rd2+ Kg1 Rxa2 exf6 Kxf6 Rxg4 Kf5 Rg2 Rxg2+ Kxg2 Re2+ Kf3 Re4 Ra1 Rxf4+ Kg3 Rg4+ Kh3 h5 Rxa7 g5 Rf7+ Kg6 Rf3 Rf4 Rxf4 gxf4 Kg2 Kg5 c4 h4 b5 cxb5 cxb5 Kg4 b6 f3+ Kf2 Kf4 b7 h3 b8=Q+ Ke4 Qb4+ Kd5 Kxf3 Ke5 Kg3 Kf6 Qe4 Kg5 Qf3 Kh6 Qg4 Kh7 Qg5 Kh8 Kf4,Kh7
473,Scandinavian Defense: Mieses-Kotroc Variation,e4 d5 exd5 Qxd5 Nc3 Qe5+ Be2 Na6 d4 Qf5 Bxa6 bxa6 Nf3 Qe6+ Be3 Bb7 Ng5 Qc4 Qh5 Bxg2 Qxf7+ Qxf7 Nxf7 Kxf7 Rg1 Bf3 Rg3 Bh5 Rh3 g6 Ne4 Nf6 Nc5 e6 Nxa6 Rc8 Bf4 Bg4 Rg3 c6 Nb4 Bxb4+ c3 Ba5 b4 Bc7 Bxc7 Rxc7 Rb1 e5 dxe5 Re8 f4 Rd7 Kf2 Rd2+ Kg1 Rxa2 exf6 Kxf6 Rxg4 Kf5 Rg2 Rxg2+ Kxg2 Re2+ Kf3 Re4 Ra1 Rxf4+ Kg3 Rg4+ Kh3 h5 Rxa7 g5 Rf7+ Kg6 Rf3 Rf4 Rxf4 gxf4 Kg2 Kg5 c4 h4 b5 cxb5 cxb5 Kg4 b6 f3+ Kf2 Kf4 b7 h3 b8=Q+ Ke4 Qb4+ Kd5 Kxf3 Ke5 Kg3 Kf6 Qe4 Kg5 Qf3 Kh6 Qg4 Kh7 Qg5 Kh8 Kf4 Kh7,Kf5
474,Scandinavian Defense: Mieses-Kotroc Variation,e4 d5 exd5 Qxd5 Nc3 Qe5+ Be2 Na6 d4 Qf5 Bxa6 bxa6 Nf3 Qe6+ Be3 Bb7 Ng5 Qc4 Qh5 Bxg2 Qxf7+ Qxf7 Nxf7 Kxf7 Rg1 Bf3 Rg3 Bh5 Rh3 g6 Ne4 Nf6 Nc5 e6 Nxa6 Rc8 Bf4 Bg4 Rg3 c6 Nb4 Bxb4+ c3 Ba5 b4 Bc7 Bxc7 Rxc7 Rb1 e5 dxe5 Re8 f4 Rd7 Kf2 Rd2+ Kg1 Rxa2 exf6 Kxf6 Rxg4 Kf5 Rg2 Rxg2+ Kxg2 Re2+ Kf3 Re4 Ra1 Rxf4+ Kg3 Rg4+ Kh3 h5 Rxa7 g5 Rf7+ Kg6 Rf3 Rf4 Rxf4 gxf4 Kg2 Kg5 c4 h4 b5 cxb5 cxb5 Kg4 b6 f3+ Kf2 Kf4 b7 h3 b8=Q+ Ke4 Qb4+ Kd5 Kxf3 Ke5 Kg3 Kf6 Qe4 Kg5 Qf3 Kh6 Qg4 Kh7 Qg5 Kh8 Kf4 Kh7 Kf5,Kh8
475,Scandinavian Defense: Mieses-Kotroc Variation,e4 d5 exd5 Qxd5 Nc3 Qe5+ Be2 Na6 d4 Qf5 Bxa6 bxa6 Nf3 Qe6+ Be3 Bb7 Ng5 Qc4 Qh5 Bxg2 Qxf7+ Qxf7 Nxf7 Kxf7 Rg1 Bf3 Rg3 Bh5 Rh3 g6 Ne4 Nf6 Nc5 e6 Nxa6 Rc8 Bf4 Bg4 Rg3 c6 Nb4 Bxb4+ c3 Ba5 b4 Bc7 Bxc7 Rxc7 Rb1 e5 dxe5 Re8 f4 Rd7 Kf2 Rd2+ Kg1 Rxa2 exf6 Kxf6 Rxg4 Kf5 Rg2 Rxg2+ Kxg2 Re2+ Kf3 Re4 Ra1 Rxf4+ Kg3 Rg4+ Kh3 h5 Rxa7 g5 Rf7+ Kg6 Rf3 Rf4 Rxf4 gxf4 Kg2 Kg5 c4 h4 b5 cxb5 cxb5 Kg4 b6 f3+ Kf2 Kf4 b7 h3 b8=Q+ Ke4 Qb4+ Kd5 Kxf3 Ke5 Kg3 Kf6 Qe4 Kg5 Qf3 Kh6 Qg4 Kh7 Qg5 Kh8 Kf4 Kh7 Kf5 Kh8,Kf6
476,Scandinavian Defense: Mieses-Kotroc Variation,e4 d5 exd5 Qxd5 Nc3 Qe5+ Be2 Na6 d4 Qf5 Bxa6 bxa6 Nf3 Qe6+ Be3 Bb7 Ng5 Qc4 Qh5 Bxg2 Qxf7+ Qxf7 Nxf7 Kxf7 Rg1 Bf3 Rg3 Bh5 Rh3 g6 Ne4 Nf6 Nc5 e6 Nxa6 Rc8 Bf4 Bg4 Rg3 c6 Nb4 Bxb4+ c3 Ba5 b4 Bc7 Bxc7 Rxc7 Rb1 e5 dxe5 Re8 f4 Rd7 Kf2 Rd2+ Kg1 Rxa2 exf6 Kxf6 Rxg4 Kf5 Rg2 Rxg2+ Kxg2 Re2+ Kf3 Re4 Ra1 Rxf4+ Kg3 Rg4+ Kh3 h5 Rxa7 g5 Rf7+ Kg6 Rf3 Rf4 Rxf4 gxf4 Kg2 Kg5 c4 h4 b5 cxb5 cxb5 Kg4 b6 f3+ Kf2 Kf4 b7 h3 b8=Q+ Ke4 Qb4+ Kd5 Kxf3 Ke5 Kg3 Kf6 Qe4 Kg5 Qf3 Kh6 Qg4 Kh7 Qg5 Kh8 Kf4 Kh7 Kf5 Kh8 Kf6,Kh7
477,Scandinavian Defense: Mieses-Kotroc Variation,e4 d5 exd5 Qxd5 Nc3 Qe5+ Be2 Na6 d4 Qf5 Bxa6 bxa6 Nf3 Qe6+ Be3 Bb7 Ng5 Qc4 Qh5 Bxg2 Qxf7+ Qxf7 Nxf7 Kxf7 Rg1 Bf3 Rg3 Bh5 Rh3 g6 Ne4 Nf6 Nc5 e6 Nxa6 Rc8 Bf4 Bg4 Rg3 c6 Nb4 Bxb4+ c3 Ba5 b4 Bc7 Bxc7 Rxc7 Rb1 e5 dxe5 Re8 f4 Rd7 Kf2 Rd2+ Kg1 Rxa2 exf6 Kxf6 Rxg4 Kf5 Rg2 Rxg2+ Kxg2 Re2+ Kf3 Re4 Ra1 Rxf4+ Kg3 Rg4+ Kh3 h5 Rxa7 g5 Rf7+ Kg6 Rf3 Rf4 Rxf4 gxf4 Kg2 Kg5 c4 h4 b5 cxb5 cxb5 Kg4 b6 f3+ Kf2 Kf4 b7 h3 b8=Q+ Ke4 Qb4+ Kd5 Kxf3 Ke5 Kg3 Kf6 Qe4 Kg5 Qf3 Kh6 Qg4 Kh7 Qg5 Kh8 Kf4 Kh7 Kf5 Kh8 Kf6 Kh7,Qg7#
478,Van't Kruijs Opening,,e3
479,Van't Kruijs Opening,e3,e6
480,Van't Kruijs Opening,e3 e6,d4
481,Van't Kruijs Opening,e3 e6 d4,d6
482,Van't Kruijs Opening,e3 e6 d4 d6,Bd3
483,Van't Kruijs Opening,e3 e6 d4 d6 Bd3,c6
484,Van't Kruijs Opening,e3 e6 d4 d6 Bd3 c6,Nf3
485,Van't Kruijs Opening,e3 e6 d4 d6 Bd3 c6 Nf3,Be7
486,Van't Kruijs Opening,e3 e6 d4 d6 Bd3 c6 Nf3 Be7,Nc3
487,Van't Kruijs Opening,e3 e6 d4 d6 Bd3 c6 Nf3 Be7 Nc3,Nf6
488,Van't Kruijs Opening,e3 e6 d4 d6 Bd3 c6 Nf3 Be7 Nc3 Nf6,Bd2
489,Van't Kruijs Opening,e3 e6 d4 d6 Bd3 c6 Nf3 Be7 Nc3 Nf6 Bd2,Bd7
490,Van't Kruijs Opening,e3 e6 d4 d6 Bd3 c6 Nf3 Be7 Nc3 Nf6 Bd2 Bd7,Qe2
491,Van't Kruijs Opening,e3 e6 d4 d6 Bd3 c6 Nf3 Be7 Nc3 Nf6 Bd2 Bd7 Qe2,c5
492,Van't Kruijs Opening,e3 e6 d4 d6 Bd3 c6 Nf3 Be7 Nc3 Nf6 Bd2 Bd7 Qe2 c5,dxc5
493,Van't Kruijs Opening,e3 e6 d4 d6 Bd3 c6 Nf3 Be7 Nc3 Nf6 Bd2 Bd7 Qe2 c5 dxc5,dxc5
494,Van't Kruijs Opening,e3 e6 d4 d6 Bd3 c6 Nf3 Be7 Nc3 Nf6 Bd2 Bd7 Qe2 c5 dxc5 dxc5,O-O
495,Van't Kruijs Opening,e3 e6 d4 d6 Bd3 c6 Nf3 Be7 Nc3 Nf6 Bd2 Bd7 Qe2 c5 dxc5 dxc5 O-O,b6
496,Van't Kruijs Opening,e3 e6 d4 d6 Bd3 c6 Nf3 Be7 Nc3 Nf6 Bd2 Bd7 Qe2 c5 dxc5 dxc5 O-O b6,Rfe1
497,Van't Kruijs Opening,e3 e6 d4 d6 Bd3 c6 Nf3 Be7 Nc3 Nf6 Bd2 Bd7 Qe2 c5 dxc5 dxc5 O-O b6 Rfe1,Bc6
498,Van't Kruijs Opening,e3 e6 d4 d6 Bd3 c6 Nf3 Be7 Nc3 Nf6 Bd2 Bd7 Qe2 c5 dxc5 dxc5 O-O b6 Rfe1 Bc6,e4
499,Van't Kruijs Opening,e3 e6 d4 d6 Bd3 c6 Nf3 Be7 Nc3 Nf6 Bd2 Bd7 Qe2 c5 dxc5 dxc5 O-O b6 Rfe1 Bc6 e4,O-O
